Column,Data_Type,Non_Null_Count,Null_Count,Unique_Values,Sample_Values
timestamp,datetime64[us],14419,0,1440,"[Timestamp('2024-01-01 00:00:00'), Timestamp('2024-01-01 00:00:00'), Timestamp('2024-01-01 00:00:00')]"
sensor_id,str,14419,0,10,"['SENSOR_001', 'SENSOR_003', 'SENSOR_004']"
location,str,14419,0,5,"['Location_B', 'Location_D', 'Location_E']"
temperature_celsius,float64,14419,0,2504,"[15.04, 19.71, 15.13]"
humidity_percent,float64,14419,0,491,"[94.7, 79.6, 96.1]"
pressure_hpa,float64,14419,0,4185,"[1013.54, 1021.72, 1017.16]"
air_quality_aqi,float64,14419,0,1074,"[67.2, 50.4, 31.4]"
status,str,14419,0,2,"['active', 'active', 'active']"
year,int32,14419,0,1,"[2024, 2024, 2024]"
month,int32,14419,0,2,"[1, 1, 1]"
day,int32,14419,0,31,"[1, 1, 1]"
hour,int32,14419,0,24,"[0, 0, 0]"
day_of_week,int32,14419,0,7,"[0, 0, 0]"
day_name,str,14419,0,7,"['Monday', 'Monday', 'Monday']"
is_weekend,bool,14419,0,2,"[False, False, False]"
time_period,category,14419,0,4,"['Night', 'Night', 'Night']"
temperature_fahrenheit,float64,14419,0,2504,"[59.071999999999996, 67.47800000000001, 59.234]"
temperature_kelvin,float64,14419,0,2504,"[288.19, 292.85999999999996, 288.28]"
heat_index_f,float64,13942,477,7196,"[59.071999999999996, 67.47800000000001, 59.234]"
heat_index_c,float64,13942,477,7196,"[15.04, 19.710000000000004, 15.130000000000003]"
aqi_category,str,14419,0,3,"['Moderate', 'Moderate', 'Good']"
comfort_index,float64,13706,713,3865,"[37.89999999999999, 64.67500000000001, 36.72500000000001]"
reading_count,int64,14419,0,5,"[1445, 1441, 1440]"
uptime_ratio,float64,14419,0,1,"[0.99, 0.99, 0.99]"
temperature_celsius_normalized,float64,14419,0,2504,"[0.05047065892249148, 0.09723613058281595, 0.05137192068896456]"
humidity_percent_normalized,float64,14419,0,491,"[0.9011194029850746, 0.6194029850746268, 0.9272388059701492]"
pressure_hpa_normalized,float64,14419,0,4185,"[0.5294629537543497, 0.63115365489806, 0.574465440079561]"
air_quality_aqi_normalized,float64,14419,0,1074,"[0.5173210161662818, 0.3879907621247113, 0.24172440338722093]"
