timestamp;sensor_id;location;temperature_celsius;humidity_percent;pressure_hpa;air_quality_aqi;status
2024-02-15 17:00:00;SENSOR_010;Location_A;25.49;79.5;1026.19;85.2;active
2024-01-31 12:00:00;SENSOR_005;Location_A;36.18;56.5;1011.75;31.5;active
2024-02-15 18:00:00;SENSOR_003;Location_D;26.44;73.0;1034.83;98.5;active
2024-01-09 19:00:00;SENSOR_001;Location_B;25.69;78.6;1006.23;72.6;active
2024-01-30 12:00:00;SENSOR_001;Location_B;30.68;65.6;1016.9;47.2;active
2024-01-08 19:00:00;SENSOR_005;Location_A;18.15;92.7;1036.44;87.4;active
2024-02-02 07:00:00;SENSOR_004;Location_E;28.18;76.8;1006.39;78.6;active
2024-01-28 18:00:00;SENSOR_004;Location_E;26.1;82.7;1003.53;54.2;active
2024-02-24 19:00:00;SENSOR_006;Location_B;20.08;86.5;1004.09;66.6;active
2024-01-10 18:00:00;SENSOR_006;Location_B;26.72;78.9;1029.72;51.7;active
2024-02-15 03:00:00;SENSOR_002;Location_C;19.53;89.9;1010.16;39.5;active
2024-02-28 08:00:00;SENSOR_005;Location_A;30.36;79.4;1027.68;67.9;active
2024-02-09 14:00:00;SENSOR_001;Location_B;31.53;62.7;1011.78;70.2;active
2024-01-29 05:00:00;SENSOR_010;Location_A;20.68;77.0;1014.93;33.0;active
2024-02-15 13:00:00;SENSOR_010;Location_A;33.22;77.5;1019.47;50.6;active
2024-01-17 09:00:00;SENSOR_004;location_e;31.42;70.7;1011.2;69.0;active
2024-02-01 18:00:00;SENSOR_004;Location_E;25.86;79.5;1005.49;69.7;active
2024-01-24 16:00:00;SENSOR_010;Location_A;32.16;60.0;1002.54;51.9;active
2024-01-16 16:00:00;SENSOR_010;Location_A;28.09;63.2;996.05;29.6;active
2024-01-16 16:00:00;SENSOR_002;Location_C;29.79;68.1;1010.07;37.8;active
2024-02-03 13:00:00;SENSOR_003;Location_D;33.33;65.3;1013.28;48.8;active
2024-02-11 16:00:00;SENSOR_007;Location_C;26.31;77.8;1008.35;46.1;active
2024-01-28 22:00:00;SENSOR_008;Location_D;16.94;81.4;996.94;69.9;active
2024-01-31 03:00:00;SENSOR_007;Location_C;;79.2;1028.11;20.2;active
2024-01-26 09:00:00;SENSOR_002;Location_C;31.03;79.9;1002.95;90.1;active
2024-01-07 05:00:00;SENSOR_003;Location_D;21.43;85.8;1027.65;45.1;active
2024-02-25 16:00:00;SENSOR_006;Location_B;28.11;71.2;1014.26;47.7;active
2024-02-18 22:00:00;SENSOR_004;Location_E;12.53;94.7;1022.6;47.8;active
2024-02-04 00:00:00;SENSOR_010;Location_A;15.48;95.1;1007.86;59.2;active
2024-02-23 00:00:00;SENSOR_006;Location_B;17.56;88.9;1003.05;89.6;active
2024-01-14 14:00:00;SENSOR_001;Location_B;29.89;76.3;1005.27;75.2;active
2024-02-08 04:00:00;SENSOR_010;Location_A;18.55;92.1;1028.19;56.7;active
2024-02-21 20:00:00;SENSOR_009;Location_E;18.07;81.5;1007.31;81.2;active
2024-02-15 12:00:00;SENSOR_009;Location_E;36.04;50.8;1013.36;44.2;active
2024-01-16 05:00:00;SENSOR_001;Location_B;21.71;68.3;1025.14;38.7;active
2024-02-09 17:00:00;SENSOR_009;Location_E;27.96;72.4;1023.27;109.2;active
2024-01-06 06:00:00;SENSOR_002;Location_C;25.3;76.4;1016.52;45.6;active
2024-01-11 05:00:00;SENSOR_008;Location_D;21.81;82.4;1003.84;60.9;active
2024-01-01 15:00:00;SENSOR_006;location_b;29.64;72.2;1008.89;66.4;active
2024-01-01 17:00:00;SENSOR_001;Location_B;23.98;76.7;1001.44;85.7;active
2024-01-07 19:00:00;SENSOR_001;Location_B;22.29;86.0;1011.8;90.5;active
2024-02-10 22:00:00;SENSOR_003;Location_D;20.48;84.9;1025.15;64.4;active
2024-01-03 12:00:00;SENSOR_006;Location_B;33.91;59.1;1021.81;32.1;active
2024-01-08 12:00:00;SENSOR_007;Location_C;34.42;;1016.18;80.4;active
2024-02-12 13:00:00;SENSOR_001;Location_B;29.99;64.6;990.99;49.9;active
2024-01-22 00:00:00;SENSOR_010;location_a;13.28;86.5;1006.6;42.6;active
2024-02-08 08:00:00;SENSOR_005;Location_A;29.7;74.2;1024.51;90.3;active
2024-02-20 23:00:00;SENSOR_003;location_d;17.53;86.9;1030.57;33.8;active
2024-02-20 22:00:00;SENSOR_004;Location_E;18.61;82.2;1002.12;34.0;active
2024-02-14 18:00:00;SENSOR_003;Location_D;26.7;74.7;1013.1;76.1;active
2024-01-27 12:00:00;SENSOR_010;location_a;34.32;61.0;1019.66;51.8;active
2024-01-29 01:00:00;SENSOR_010;Location_A;19.13;86.9;996.27;45.7;active
2024-02-20 21:00:00;SENSOR_002;Location_C;21.91;86.6;1014.52;42.2;active
2024-01-23 08:00:00;SENSOR_005;Location_A;29.19;66.9;1004.62;82.4;active
2024-02-24 14:00:00;SENSOR_005;Location_A;33.9;65.9;1001.14;29.7;active
2024-01-04 03:00:00;SENSOR_010;Location_A;19.04;82.7;1010.68;33.5;active
2024-01-06 01:00:00;SENSOR_002;location_c;17.08;90.5;1026.71;50.7;active
2024-02-15 20:00:00;SENSOR_007;Location_C;20.79;80.2;1005.75;62.4;active
2024-02-19 17:00:00;SENSOR_001;Location_B;28.49;80.4;1029.17;84.4;active
2024-02-23 17:00:00;SENSOR_003;location_d;27.18;67.6;1021.82;64.0;active
2024-02-29 22:00:00;SENSOR_001;Location_B;14.73;84.5;988.44;54.6;active
2024-01-23 13:00:00;SENSOR_010;Location_A;34.67;65.8;1023.71;50.4;active
2024-01-18 20:00:00;SENSOR_006;location_b;23.87;87.0;1020.86;17.1;active
2024-02-17 05:00:00;SENSOR_009;Location_E;23.63;84.8;997.39;58.5;active
2024-02-16 06:00:00;SENSOR_001;Location_B;27.47;78.1;1018.72;51.5;active
2024-01-24 04:00:00;SENSOR_001;Location_B;17.52;90.7;1031.08;52.7;active
2024-01-05 09:00:00;SENSOR_009;Location_E;30.37;62.0;1012.49;102.2;active
2024-01-21 00:00:00;SENSOR_009;Location_E;14.82;94.9;1034.39;37.8;active
2024-02-16 22:00:00;SENSOR_005;Location_A;17.24;83.9;1003.95;52.1;active
2024-02-19 08:00:00;SENSOR_009;Location_E;30.26;69.1;1008.83;88.4;active
2024-01-22 09:00:00;SENSOR_004;location_e;30.39;73.8;1008.87;70.8;active
2024-02-08 13:00:00;SENSOR_010;location_a;34.95;61.3;1031.75;44.0;active
2024-01-18 07:00:00;SENSOR_005;Location_A;26.78;67.0;1021.05;69.1;active
2024-01-10 04:00:00;SENSOR_008;Location_D;23.34;75.4;1001.78;49.0;active
2024-01-12 14:00:00;SENSOR_009;Location_E;31.72;73.9;1020.7;75.0;active
2024-01-29 15:00:00;SENSOR_002;Location_C;29.94;75.3;984.89;50.0;active
2024-02-12 21:00:00;SENSOR_009;Location_E;14.85;99.1;1008.32;32.9;active
2024-01-10 16:00:00;SENSOR_004;Location_E;30.23;79.1;1018.93;34.1;active
2024-02-10 20:00:00;SENSOR_004;Location_E;20.26;95.9;997.06;43.9;active
2024-01-21 01:00:00;SENSOR_008;Location_D;18.97;91.2;1021.84;42.6;active
2024-01-13 11:00:00;SENSOR_005;Location_A;31.2;61.0;1016.83;60.4;active
2024-01-17 16:00:00;SENSOR_006;Location_B;28.51;71.1;1009.26;35.7;active
2024-01-02 04:00:00;SENSOR_007;Location_C;23.35;87.4;1018.81;49.9;active
2024-01-28 18:00:00;SENSOR_008;Location_D;23.56;72.1;1011.56;81.3;active
2024-01-06 00:00:00;SENSOR_006;Location_B;20.11;86.2;999.01;45.2;active
2024-02-28 00:00:00;SENSOR_006;Location_B;18.48;90.1;1004.01;81.0;active
2024-02-13 00:00:00;SENSOR_007;location_c;17.69;94.5;1002.41;30.7;active
2024-01-22 20:00:00;SENSOR_010;Location_A;20.56;79.4;1016.54;63.3;active
2024-01-24 17:00:00;SENSOR_006;Location_B;25.81;76.3;1002.92;65.0;active
2024-02-23 20:00:00;SENSOR_001;Location_B;18.26;93.8;1020.14;41.7;active
2024-01-16 10:00:00;SENSOR_006;Location_B;32.49;70.2;1021.01;64.1;active
2024-02-01 09:00:00;SENSOR_003;Location_D;29.62;68.1;1012.61;96.9;active
2024-02-15 14:00:00;SENSOR_008;Location_D;32.65;61.5;1016.14;29.0;active
2024-02-05 19:00:00;SENSOR_007;Location_C;22.08;89.4;1017.56;87.1;active
2024-01-23 14:00:00;SENSOR_007;Location_C;31.21;72.3;1010.79;47.1;active
2024-02-04 13:00:00;SENSOR_010;location_a;34.7;72.3;1028.47;55.8;active
2024-01-03 22:00:00;SENSOR_007;Location_C;16.55;89.0;1022.57;59.6;active
2024-02-04 17:00:00;SENSOR_003;Location_D;24.6;79.2;1030.59;93.5;active
2024-01-16 02:00:00;SENSOR_006;Location_B;20.81;85.2;1019.09;50.7;active
2024-01-01 10:00:00;SENSOR_003;location_d;30.13;57.7;998.85;54.1;active
2024-02-14 12:00:00;SENSOR_004;Location_E;29.35;65.1;1021.49;30.7;active
2024-02-04 12:00:00;SENSOR_006;Location_B;32.96;74.7;996.78;40.0;active
2024-01-03 19:00:00;SENSOR_007;Location_C;17.89;84.8;1007.6;89.4;active
2024-01-23 18:00:00;SENSOR_009;Location_E;27.61;63.7;1024.37;44.9;active
2024-02-27 11:00:00;SENSOR_003;Location_D;31.36;;1016.17;22.3;active
2024-02-27 08:00:00;SENSOR_004;Location_E;30.07;65.2;998.1;79.2;active
2024-02-08 05:00:00;SENSOR_007;Location_C;23.0;73.1;996.43;54.7;active
2024-02-14 17:00:00;SENSOR_008;Location_D;27.37;71.9;1014.7;86.9;active
2024-01-06 20:00:00;SENSOR_001;location_b;19.47;79.4;1008.75;42.3;active
2024-01-26 16:00:00;SENSOR_001;Location_B;26.14;69.4;1004.38;63.5;active
2024-01-29 14:00:00;SENSOR_005;Location_A;31.34;70.3;1005.3;54.3;active
2024-01-19 16:00:00;SENSOR_010;Location_A;28.17;69.2;1002.09;73.2;active
2024-01-24 13:00:00;SENSOR_010;location_a;34.08;66.8;1010.7;63.2;active
2024-01-27 16:00:00;SENSOR_006;Location_B;28.9;72.7;1007.62;54.8;active
2024-02-25 04:00:00;SENSOR_003;Location_D;21.67;;1022.53;36.5;active
2024-01-31 10:00:00;SENSOR_008;Location_D;28.36;74.0;1021.91;50.3;active
2024-02-26 04:00:00;SENSOR_002;Location_C;24.98;80.2;1008.35;49.9;active
2024-02-27 06:00:00;SENSOR_010;Location_A;23.97;77.4;993.15;55.5;active
2024-01-02 22:00:00;SENSOR_007;Location_C;18.71;90.8;1010.46;63.2;active
2024-02-11 00:00:00;SENSOR_001;location_b;18.46;94.7;1015.11;59.0;active
2024-02-27 04:00:00;SENSOR_001;location_b;20.45;85.6;1009.96;66.5;active
2024-01-28 18:00:00;SENSOR_001;location_b;;77.8;1006.53;56.2;active
2024-01-06 04:00:00;SENSOR_001;Location_B;21.89;80.6;1005.26;35.5;active
2024-02-06 18:00:00;SENSOR_003;Location_D;27.32;74.7;1029.47;59.1;active
2024-02-20 08:00:00;SENSOR_002;Location_C;31.93;55.6;1005.04;81.5;active
2024-01-16 19:00:00;SENSOR_004;Location_E;23.03;81.0;1017.55;94.4;active
2024-01-20 10:00:00;SENSOR_009;Location_E;34.89;63.3;1000.05;41.0;active
2024-02-09 07:00:00;SENSOR_004;Location_E;29.4;71.5;1004.18;74.8;active
2024-02-28 14:00:00;SENSOR_004;Location_E;32.73;69.1;989.18;27.7;active
2024-01-19 21:00:00;SENSOR_006;location_b;22.03;70.3;1010.89;41.7;active
2024-02-25 16:00:00;SENSOR_002;Location_C;;64.0;1023.55;55.9;active
2024-02-22 16:00:00;SENSOR_006;location_b;28.34;77.8;1001.23;57.2;active
2024-01-16 17:00:00;SENSOR_001;Location_B;28.6;79.6;1018.35;88.3;active
2024-01-02 19:00:00;SENSOR_008;Location_D;19.83;83.2;1028.4;96.7;active
2024-01-13 20:00:00;SENSOR_001;Location_B;22.45;85.9;1019.1;47.9;active
2024-02-12 08:00:00;SENSOR_008;Location_D;26.62;79.9;994.26;75.3;active
2024-01-15 10:00:00;SENSOR_008;Location_D;29.4;73.7;1019.02;64.4;active
2024-01-02 05:00:00;SENSOR_010;Location_A;24.87;72.7;1017.85;44.0;active
2024-01-11 14:00:00;SENSOR_003;Location_D;33.44;69.3;1023.05;53.3;active
2024-01-01 15:00:00;SENSOR_002;Location_C;;;1007.32;61.7;active
2024-02-14 13:00:00;SENSOR_001;Location_B;32.62;62.7;1011.49;46.5;active
2024-01-14 09:00:00;SENSOR_003;Location_D;31.36;66.7;1022.06;93.9;active
2024-02-14 15:00:00;SENSOR_003;Location_D;28.0;75.5;999.96;69.1;active
2024-01-22 10:00:00;SENSOR_009;Location_E;28.83;63.1;1034.24;53.5;active
2024-01-09 07:00:00;SENSOR_004;Location_E;24.82;74.6;1008.39;100.2;active
2024-01-12 12:00:00;SENSOR_004;Location_E;31.52;62.5;1007.52;43.6;active
2024-01-08 21:00:00;SENSOR_003;Location_D;19.07;89.3;1001.65;43.8;active
2024-02-28 08:00:00;SENSOR_006;Location_B;28.64;75.4;1008.72;58.0;active
2024-01-07 02:00:00;SENSOR_009;Location_E;13.59;;1001.69;44.3;active
2024-01-14 06:00:00;SENSOR_008;Location_D;24.7;78.5;1010.39;65.7;active
2024-01-22 20:00:00;SENSOR_006;Location_B;21.07;90.3;1008.75;52.2;active
2024-01-10 19:00:00;SENSOR_002;Location_C;25.06;80.5;1028.19;87.6;maintenance
2024-02-17 20:00:00;SENSOR_001;Location_B;20.55;75.0;1006.86;35.3;active
2024-02-29 14:00:00;SENSOR_008;Location_D;28.57;67.5;1004.44;63.3;active
2024-02-16 19:00:00;SENSOR_004;location_e;22.42;85.4;1023.84;67.7;active
2024-01-14 18:00:00;SENSOR_002;Location_C;27.56;79.4;1017.09;89.5;active
2024-02-19 04:00:00;SENSOR_008;location_d;22.78;73.9;1016.92;46.5;active
2024-01-30 19:00:00;SENSOR_001;Location_B;22.84;75.9;1028.45;72.0;active
2024-02-09 05:00:00;SENSOR_006;Location_B;24.15;77.3;1022.0;40.3;active
2024-02-17 21:00:00;SENSOR_007;Location_C;14.5;90.3;1028.4;51.8;active
2024-02-05 06:00:00;SENSOR_002;Location_C;23.86;80.4;1001.16;52.8;active
2024-01-29 05:00:00;SENSOR_002;Location_C;23.52;70.3;991.05;29.8;active
2024-02-25 16:00:00;SENSOR_001;Location_B;26.99;73.5;1021.61;75.5;active
2024-02-23 15:00:00;SENSOR_009;Location_E;27.58;73.2;1027.24;38.7;active
2024-01-27 11:00:00;SENSOR_002;Location_C;32.59;56.4;1021.25;46.9;active
2024-01-11 20:00:00;SENSOR_003;Location_D;21.81;88.5;1024.46;37.8;active
2024-02-12 16:00:00;SENSOR_010;Location_A;27.96;74.2;1018.03;50.0;active
2024-01-12 02:00:00;SENSOR_010;Location_A;18.67;89.0;1029.7;74.2;active
2024-01-05 03:00:00;SENSOR_002;Location_C;20.4;77.1;1014.16;65.0;active
2024-01-06 19:00:00;SENSOR_004;Location_E;23.9;74.3;1016.24;122.8;active
2024-01-12 01:00:00;SENSOR_005;Location_A;16.65;87.4;1034.21;68.0;active
2024-02-12 01:00:00;SENSOR_007;Location_C;18.22;88.7;1030.72;60.6;active
2024-01-17 23:00:00;SENSOR_003;Location_D;14.73;98.1;991.36;53.0;active
2024-02-07 17:00:00;SENSOR_005;Location_A;26.05;67.0;1002.99;56.0;active
2024-01-11 21:00:00;SENSOR_004;Location_E;18.37;83.4;1007.78;42.9;active
2024-01-04 08:00:00;SENSOR_007;Location_C;25.78;77.7;1003.2;79.9;active
2024-01-22 20:00:00;SENSOR_007;Location_C;19.9;82.0;996.08;38.3;active
2024-02-01 16:00:00;SENSOR_003;Location_D;25.86;71.8;1007.41;72.8;active
2024-01-16 00:00:00;SENSOR_004;Location_E;15.49;88.6;1000.78;49.3;maintenance
2024-01-14 07:00:00;SENSOR_005;Location_A;27.75;73.2;1012.89;96.6;active
2024-01-18 19:00:00;SENSOR_005;Location_A;25.85;72.5;1006.72;78.2;active
2024-02-08 07:00:00;SENSOR_001;Location_B;27.23;70.1;1012.79;87.4;active
2024-02-27 06:00:00;SENSOR_004;Location_E;26.14;78.7;1010.71;31.1;active
2024-02-06 07:00:00;SENSOR_007;Location_C;29.12;69.5;1026.5;87.4;active
2024-01-31 13:00:00;SENSOR_005;Location_A;32.48;71.3;1011.94;48.7;active
2024-02-02 06:00:00;SENSOR_001;Location_B;21.55;79.8;1017.05;52.1;active
2024-02-14 09:00:00;SENSOR_007;Location_C;28.94;82.2;1021.32;91.5;active
2024-01-31 17:00:00;SENSOR_005;Location_A;24.14;86.0;1001.0;71.0;active
2024-02-02 01:00:00;SENSOR_008;Location_D;16.64;79.4;1030.52;18.2;active
2024-02-06 19:00:00;SENSOR_010;Location_A;21.83;81.1;1003.34;78.2;active
2024-01-31 04:00:00;SENSOR_009;Location_E;21.1;88.1;992.53;36.2;active
2024-01-05 01:00:00;SENSOR_004;Location_E;15.47;;1018.06;48.6;active
2024-01-04 09:00:00;SENSOR_004;Location_E;34.51;63.5;1016.43;80.2;active
2024-02-08 12:00:00;SENSOR_006;Location_B;34.66;58.5;1007.94;39.3;active
2024-02-20 05:00:00;SENSOR_006;Location_B;21.95;86.2;1003.22;37.0;active
2024-02-06 00:00:00;SENSOR_009;Location_E;16.25;89.4;1007.44;51.4;active
2024-02-19 18:00:00;SENSOR_006;Location_B;23.1;82.6;1023.29;64.3;active
2024-02-21 08:00:00;SENSOR_008;Location_D;32.66;67.2;1022.83;90.3;active
2024-01-07 15:00:00;SENSOR_009;Location_E;32.83;72.8;1015.45;63.0;active
2024-01-28 14:00:00;SENSOR_006;Location_B;31.15;69.9;1021.82;26.6;active
2024-02-11 02:00:00;SENSOR_010;Location_A;20.41;79.5;1017.61;40.9;active
2024-02-16 06:00:00;SENSOR_002;Location_C;24.76;84.5;1004.31;42.9;active
2024-01-26 17:00:00;SENSOR_005;Location_A;28.23;74.5;1017.11;86.5;active
2024-02-12 17:00:00;SENSOR_004;Location_E;25.09;74.5;1017.59;103.0;active
2024-01-16 22:00:00;SENSOR_002;Location_C;17.52;87.0;1006.63;37.1;active
2024-02-13 15:00:00;SENSOR_008;Location_D;30.69;66.2;1012.44;41.8;active
2024-01-22 15:00:00;SENSOR_009;Location_E;31.95;72.7;1010.77;91.4;active
2024-01-09 06:00:00;SENSOR_005;Location_A;26.49;77.6;1006.2;36.1;active
2024-02-06 04:00:00;SENSOR_003;Location_D;20.1;92.3;1012.99;81.5;active
2024-01-26 01:00:00;SENSOR_003;location_d;21.67;80.6;1029.11;37.3;active
2024-02-18 22:00:00;SENSOR_009;location_e;16.33;89.0;1010.75;59.7;active
2024-02-02 04:00:00;SENSOR_004;Location_E;24.96;80.7;1025.94;41.2;active
2024-02-09 12:00:00;SENSOR_005;Location_A;31.58;79.0;1016.47;32.3;active
2024-02-22 07:00:00;SENSOR_003;Location_D;22.94;81.2;1023.96;79.9;active
2024-01-19 02:00:00;SENSOR_008;Location_D;16.6;88.6;1020.19;38.4;active
2024-02-11 09:00:00;SENSOR_009;Location_E;30.79;76.5;1030.51;89.0;active
2024-02-18 19:00:00;SENSOR_002;Location_C;29.1;74.3;1023.8;81.0;active
2024-01-21 18:00:00;SENSOR_009;Location_E;23.92;78.9;1020.42;80.6;active
2024-02-20 20:00:00;SENSOR_008;Location_D;19.41;83.6;1034.76;43.4;active
2024-02-23 11:00:00;SENSOR_007;Location_C;33.79;49.7;1005.96;39.2;active
2024-02-15 20:00:00;SENSOR_001;Location_B;19.46;83.2;994.73;65.0;active
2024-02-08 22:00:00;SENSOR_010;Location_A;16.34;90.6;1020.37;65.9;active
2024-02-08 08:00:00;SENSOR_010;location_a;29.92;73.3;1012.6;99.6;active
2024-02-06 09:00:00;SENSOR_004;Location_E;31.17;76.7;1034.65;64.0;active
2024-02-21 08:00:00;SENSOR_002;Location_C;30.68;74.1;1001.71;68.4;active
2024-02-20 22:00:00;SENSOR_010;Location_A;20.83;82.2;1026.44;46.1;active
2024-01-06 12:00:00;SENSOR_009;Location_E;35.97;55.5;1018.22;43.0;active
2024-01-21 14:00:00;SENSOR_009;Location_E;34.11;57.1;1015.54;65.7;active
2024-01-08 08:00:00;SENSOR_010;Location_A;27.71;69.0;1006.75;72.9;active
2024-02-11 23:00:00;SENSOR_006;location_b;15.81;83.1;1027.72;76.8;active
2024-02-10 02:00:00;SENSOR_008;Location_D;16.29;95.1;999.86;47.0;active
2024-01-14 00:00:00;SENSOR_009;Location_E;21.57;81.9;1001.91;64.9;active
2024-01-17 10:00:00;SENSOR_001;Location_B;34.67;55.4;998.19;49.6;active
2024-02-07 07:00:00;SENSOR_010;Location_A;27.88;62.3;1008.69;55.6;active
2024-02-29 23:00:00;SENSOR_005;Location_A;17.68;86.7;1004.51;53.8;active
2024-02-19 10:00:00;SENSOR_010;Location_A;30.83;67.1;995.41;41.4;active
2024-02-18 00:00:00;SENSOR_001;Location_B;17.2;87.6;1001.9;51.2;active
2024-01-05 17:00:00;SENSOR_005;Location_A;25.86;79.8;1006.08;72.8;active
2024-01-19 18:00:00;SENSOR_006;Location_B;22.04;94.4;1019.65;61.4;active
2024-02-07 20:00:00;SENSOR_003;Location_D;21.38;80.5;1023.95;38.7;active
2024-01-03 02:00:00;SENSOR_001;Location_B;16.75;88.5;1014.5;81.4;active
2024-01-31 07:00:00;SENSOR_002;Location_C;29.32;74.4;1021.85;61.3;active
2024-01-09 16:00:00;SENSOR_009;Location_E;30.35;71.5;1008.96;62.2;active
2024-02-24 23:00:00;SENSOR_004;Location_E;16.79;96.0;1011.76;71.6;active
2024-02-05 12:00:00;SENSOR_005;Location_A;31.97;69.4;1019.84;38.3;active
2024-01-18 11:00:00;SENSOR_002;Location_C;29.28;70.0;1028.54;29.8;active
2024-02-02 07:00:00;SENSOR_005;Location_A;28.43;73.5;1006.36;98.0;active
2024-02-07 19:00:00;SENSOR_001;Location_B;24.8;;1000.16;79.6;active
2024-01-03 19:00:00;SENSOR_001;Location_B;23.33;74.9;1025.78;69.5;active
2024-02-16 11:00:00;SENSOR_003;location_d;32.08;68.1;1002.0;47.8;active
2024-02-23 19:00:00;SENSOR_007;Location_C;19.76;77.7;1011.37;103.7;active
2024-02-20 20:00:00;SENSOR_003;Location_D;18.82;81.4;1018.0;12.8;active
2024-02-13 03:00:00;SENSOR_010;Location_A;22.23;81.0;1015.26;47.0;active
2024-01-08 09:00:00;SENSOR_005;Location_A;28.27;75.3;999.64;83.1;active
2024-02-12 10:00:00;SENSOR_007;Location_C;32.43;66.0;1027.97;40.9;active
2024-02-18 00:00:00;SENSOR_002;Location_C;19.17;84.1;998.32;61.1;active
2024-02-19 05:00:00;SENSOR_004;Location_E;26.77;74.1;1027.12;46.5;active
2024-02-01 09:00:00;SENSOR_006;Location_B;105.12;65.5;1016.21;85.0;active
2024-02-23 12:00:00;SENSOR_007;Location_C;30.96;60.5;1027.98;47.8;active
2024-02-23 04:00:00;SENSOR_008;Location_D;22.58;86.9;1008.01;45.8;active
2024-02-27 14:00:00;SENSOR_005;Location_A;32.76;61.1;1023.79;39.3;active
2024-01-21 06:00:00;SENSOR_007;Location_C;26.04;64.2;1020.84;44.8;active
2024-01-20 07:00:00;SENSOR_004;Location_E;28.6;69.8;1019.94;92.7;active
2024-02-16 19:00:00;SENSOR_003;Location_D;24.96;84.5;1000.33;89.5;active
2024-02-16 14:00:00;SENSOR_002;Location_C;31.94;58.7;1009.4;71.2;active
2024-01-04 09:00:00;SENSOR_005;Location_A;29.53;66.4;1007.0;100.5;active
2024-02-13 06:00:00;SENSOR_006;location_b;25.66;71.3;1002.4;45.3;active
2024-02-13 14:00:00;SENSOR_009;Location_E;36.35;63.9;1019.96;77.1;active
2024-02-03 17:00:00;SENSOR_007;Location_C;26.65;71.9;997.8;77.4;active
2024-02-15 07:00:00;SENSOR_009;Location_E;30.01;75.2;1027.36;65.0;active
2024-01-10 03:00:00;SENSOR_004;Location_E;23.91;73.6;1023.5;60.0;active
2024-01-31 18:00:00;SENSOR_010;Location_A;;71.8;1036.33;89.4;active
2024-02-28 07:00:00;SENSOR_006;Location_B;28.07;67.2;1007.73;80.7;active
2024-01-10 07:00:00;SENSOR_005;Location_A;27.28;79.7;1020.14;59.4;active
2024-01-09 21:00:00;SENSOR_008;Location_D;15.21;92.6;1018.5;41.1;active
2024-01-23 15:00:00;SENSOR_010;Location_A;31.66;65.3;1019.54;53.4;active
2024-01-15 22:00:00;SENSOR_003;Location_D;18.23;86.9;1013.58;51.0;active
2024-01-02 01:00:00;SENSOR_002;Location_C;18.12;86.4;1011.23;37.8;active
2024-01-28 23:00:00;SENSOR_007;Location_C;15.65;92.2;1010.13;15.3;active
2024-02-02 23:00:00;SENSOR_002;Location_C;15.55;98.3;1011.19;62.5;active
2024-02-27 00:00:00;SENSOR_009;location_e;12.51;85.0;1021.34;44.1;active
2024-02-22 14:00:00;SENSOR_004;Location_E;28.49;78.9;1005.38;50.2;active
2024-01-25 23:00:00;SENSOR_006;Location_B;16.24;93.0;1016.3;65.3;active
2024-02-16 01:00:00;SENSOR_003;Location_D;15.17;90.6;1006.46;24.7;active
2024-01-28 09:00:00;SENSOR_005;Location_A;28.16;62.8;1011.62;90.2;active
2024-02-13 20:00:00;SENSOR_007;Location_C;21.62;88.7;1010.19;43.9;active
2024-02-29 09:00:00;SENSOR_005;Location_A;27.75;63.3;1021.23;77.8;active
2024-02-23 21:00:00;SENSOR_001;Location_B;19.05;91.5;1024.55;42.6;active
2024-02-05 23:00:00;SENSOR_010;Location_A;19.6;80.7;1025.13;56.0;active
2024-01-30 08:00:00;SENSOR_008;Location_D;23.94;78.7;1020.02;82.5;active
2024-02-23 22:00:00;SENSOR_003;Location_D;18.34;88.5;1002.0;51.0;active
2024-01-11 00:00:00;SENSOR_003;Location_D;18.05;89.7;1000.71;59.2;active
2024-01-21 19:00:00;SENSOR_002;Location_C;25.64;77.2;1003.72;55.8;active
2024-01-23 10:00:00;SENSOR_002;location_c;31.79;70.3;1001.51;29.2;active
2024-01-12 01:00:00;SENSOR_004;Location_E;21.79;83.5;1017.39;31.2;active
2024-01-07 21:00:00;SENSOR_010;Location_A;19.87;73.3;1023.13;76.8;active
2024-02-25 06:00:00;SENSOR_007;Location_C;25.23;78.5;986.1;43.4;active
2024-01-04 17:00:00;SENSOR_009;Location_E;22.82;;1006.6;69.5;active
2024-01-07 13:00:00;SENSOR_008;Location_D;29.93;73.5;1022.44;64.5;active
2024-02-10 19:00:00;SENSOR_010;Location_A;21.24;76.2;1021.88;62.5;active
2024-01-16 06:00:00;SENSOR_007;Location_C;27.19;83.4;1005.49;64.8;active
2024-01-13 06:00:00;SENSOR_004;Location_E;24.19;76.2;1033.18;51.5;active
2024-02-11 12:00:00;SENSOR_006;Location_B;34.78;61.0;1007.51;55.8;active
2024-01-21 19:00:00;SENSOR_003;Location_D;21.47;83.0;1022.98;73.8;active
2024-01-09 12:00:00;SENSOR_005;Location_A;33.51;67.4;1010.33;41.4;active
2024-02-13 17:00:00;SENSOR_007;location_c;26.28;79.7;1010.69;92.9;active
2024-02-10 05:00:00;SENSOR_010;Location_A;19.92;86.7;1013.02;76.5;active
2024-02-17 10:00:00;SENSOR_007;Location_C;33.64;69.5;986.08;62.5;active
2024-01-29 01:00:00;SENSOR_006;Location_B;18.44;81.5;1021.17;49.9;active
2024-01-11 06:00:00;SENSOR_007;Location_C;25.24;82.0;992.71;60.5;active
2024-01-21 11:00:00;SENSOR_001;Location_B;32.64;62.5;1014.01;44.3;active
2024-02-08 03:00:00;SENSOR_003;Location_D;19.82;87.5;998.88;45.5;active
2024-01-13 15:00:00;SENSOR_005;Location_A;27.83;80.9;1033.41;29.1;active
2024-02-11 20:00:00;SENSOR_008;location_d;23.12;76.9;1013.96;61.5;active
2024-02-17 04:00:00;SENSOR_008;Location_D;20.96;88.9;1028.98;54.1;active
2024-01-01 08:00:00;SENSOR_003;Location_D;28.65;66.4;1022.65;93.1;active
2024-02-10 14:00:00;SENSOR_006;Location_B;28.46;78.7;1001.45;36.7;maintenance
2024-02-09 10:00:00;SENSOR_005;location_a;28.21;68.1;1015.18;33.9;active
2024-01-06 23:00:00;SENSOR_003;Location_D;16.13;90.2;1026.71;62.6;active
2024-01-15 02:00:00;SENSOR_008;Location_D;18.65;86.2;1011.06;46.9;active
2024-02-23 17:00:00;SENSOR_004;Location_E;29.65;87.4;1022.61;86.0;active
2024-02-28 10:00:00;SENSOR_003;Location_D;30.37;75.0;1028.56;36.7;active
2024-01-14 12:00:00;SENSOR_003;Location_D;34.9;64.4;1025.39;49.5;active
2024-01-09 02:00:00;SENSOR_005;Location_A;17.61;88.5;1012.19;46.2;active
2024-01-08 08:00:00;SENSOR_004;Location_E;27.97;73.5;1013.0;76.4;active
2024-02-09 08:00:00;SENSOR_008;Location_D;31.56;65.3;1023.35;82.4;active
2024-01-30 05:00:00;SENSOR_003;Location_D;24.09;87.0;1015.16;52.6;active
2024-01-07 14:00:00;SENSOR_007;Location_C;31.11;67.7;1015.2;40.1;active
2024-01-26 20:00:00;SENSOR_005;Location_A;21.89;91.3;986.85;60.7;active
2024-01-23 13:00:00;SENSOR_005;Location_A;39.13;61.5;1016.86;59.9;active
2024-01-18 12:00:00;SENSOR_001;Location_B;31.06;63.4;1020.73;54.2;active
2024-01-27 15:00:00;SENSOR_010;Location_A;31.94;70.4;1026.03;66.4;active
2024-02-13 10:00:00;SENSOR_005;Location_A;35.36;60.0;1037.29;36.0;active
2024-01-23 21:00:00;SENSOR_007;Location_C;23.64;78.8;1016.5;33.3;active
2024-02-24 20:00:00;SENSOR_004;Location_E;23.18;86.8;1011.41;57.7;active
2024-02-12 21:00:00;SENSOR_008;Location_D;18.81;78.8;1018.57;61.3;active
2024-02-19 16:00:00;SENSOR_001;Location_B;29.06;75.2;1014.49;50.0;active
2024-01-26 16:00:00;SENSOR_006;Location_B;25.37;77.7;1001.63;35.3;active
2024-01-02 11:00:00;SENSOR_001;Location_B;37.05;55.1;1023.66;65.7;active
2024-01-21 15:00:00;SENSOR_004;Location_E;32.16;72.7;1009.73;60.3;active
2024-02-29 07:00:00;SENSOR_004;Location_E;27.55;63.1;1000.25;84.5;active
2024-02-08 21:00:00;SENSOR_005;Location_A;18.57;89.7;1031.94;72.9;active
2024-02-14 00:00:00;SENSOR_007;Location_C;16.38;97.7;1021.41;63.1;active
2024-02-16 12:00:00;SENSOR_009;Location_E;35.72;61.9;1008.85;73.0;active
2024-02-12 11:00:00;SENSOR_007;Location_C;32.3;64.2;1004.85;47.3;active
2024-01-30 21:00:00;SENSOR_006;Location_B;19.55;84.2;1004.12;30.8;active
2024-01-24 01:00:00;SENSOR_003;Location_D;19.81;92.7;1013.4;24.5;active
2024-02-24 12:00:00;SENSOR_008;Location_D;30.06;65.0;1008.43;26.8;active
2024-02-07 05:00:00;SENSOR_010;Location_A;23.99;80.5;1003.94;86.9;active
2024-01-30 14:00:00;SENSOR_009;Location_E;33.18;;1022.49;66.4;active
2024-02-23 14:00:00;SENSOR_006;Location_B;30.92;70.4;1006.67;42.1;active
2024-01-11 21:00:00;SENSOR_005;Location_A;;76.9;1010.19;36.6;active
2024-02-07 21:00:00;SENSOR_009;Location_E;17.7;84.9;1013.82;84.5;active
2024-02-24 18:00:00;SENSOR_002;Location_C;23.83;72.4;1019.14;85.9;active
2024-02-19 12:00:00;SENSOR_010;Location_A;31.29;62.5;1021.63;68.2;active
2024-02-25 10:00:00;SENSOR_001;Location_B;30.15;68.5;1005.46;72.8;active
2024-02-10 23:00:00;SENSOR_002;Location_C;17.31;98.0;1019.05;56.0;active
2024-01-27 09:00:00;SENSOR_008;Location_D;31.98;68.6;1010.1;100.0;active
2024-01-29 19:00:00;SENSOR_006;location_b;25.21;78.2;1002.38;76.4;active
2024-01-24 19:00:00;SENSOR_006;Location_B;22.39;87.1;1006.85;55.4;active
2024-01-24 03:00:00;SENSOR_009;location_e;18.61;82.0;1015.35;10.0;active
2024-02-11 02:00:00;SENSOR_004;Location_E;16.59;83.0;1011.9;40.9;active
2024-01-16 02:00:00;SENSOR_009;Location_E;16.81;91.4;1031.84;60.0;active
2024-01-22 18:00:00;SENSOR_006;Location_B;23.59;84.5;1014.03;90.3;active
2024-01-02 11:00:00;SENSOR_010;Location_A;33.43;64.6;1032.88;32.8;active
2024-02-26 09:00:00;SENSOR_001;Location_B;31.96;59.2;1013.47;79.1;active
2024-02-04 13:00:00;SENSOR_002;location_c;32.84;59.1;1009.52;36.4;active
2024-02-23 15:00:00;SENSOR_008;Location_D;30.51;65.3;1029.82;47.7;active
2024-01-01 18:00:00;SENSOR_007;location_c;23.52;83.4;1019.32;73.9;active
2024-01-18 20:00:00;SENSOR_004;Location_E;19.29;81.9;1017.77;61.1;active
2024-01-28 22:00:00;SENSOR_009;location_e;18.27;88.9;1004.2;41.7;active
2024-01-01 11:00:00;SENSOR_005;Location_A;31.89;66.1;1009.09;46.2;active
2024-02-10 02:00:00;SENSOR_006;Location_B;17.45;89.4;1038.86;51.4;active
2024-01-10 14:00:00;SENSOR_007;Location_C;33.05;64.1;1026.45;30.4;active
2024-01-17 12:00:00;SENSOR_005;Location_A;30.94;66.8;1029.34;45.4;active
2024-01-26 09:00:00;SENSOR_005;Location_A;30.78;74.8;999.25;88.5;active
2024-01-10 07:00:00;SENSOR_006;Location_B;24.99;78.6;1012.17;101.5;active
2024-01-17 18:00:00;SENSOR_010;Location_A;28.52;69.3;1009.29;104.8;active
2024-01-28 20:00:00;SENSOR_008;Location_D;21.9;88.6;1028.29;47.8;active
2024-01-30 15:00:00;SENSOR_006;Location_B;30.81;67.3;1009.39;56.0;active
2024-01-20 12:00:00;SENSOR_002;Location_C;29.98;79.3;1011.5;70.4;active
2024-02-18 17:00:00;SENSOR_005;Location_A;28.56;73.7;1005.47;105.2;active
2024-01-26 12:00:00;SENSOR_007;Location_C;35.5;53.7;1028.99;53.2;active
2024-02-22 20:00:00;SENSOR_003;Location_D;21.27;81.0;1020.44;44.3;active
2024-01-19 21:00:00;SENSOR_008;Location_D;17.7;90.5;1012.35;77.8;active
2024-01-02 09:00:00;SENSOR_009;Location_E;29.81;71.4;1019.08;81.0;active
2024-01-14 22:00:00;SENSOR_005;Location_A;15.9;91.6;1028.26;15.8;active
2024-01-12 12:00:00;SENSOR_008;Location_D;35.13;59.3;1024.98;88.2;active
2024-01-06 00:00:00;SENSOR_002;Location_C;15.24;99.2;1009.2;45.0;active
2024-02-29 10:00:00;SENSOR_007;location_c;31.98;70.5;1031.34;44.7;active
2024-02-06 15:00:00;SENSOR_007;Location_C;32.92;;998.27;18.7;active
2024-01-11 11:00:00;SENSOR_006;Location_B;31.86;60.6;1013.81;45.5;active
2024-02-28 23:00:00;SENSOR_009;Location_E;13.25;93.4;1016.79;64.8;active
2024-02-10 18:00:00;SENSOR_006;Location_B;26.0;72.1;1010.58;69.5;active
2024-02-17 14:00:00;SENSOR_002;Location_C;31.85;63.4;1031.92;64.9;active
2024-02-13 00:00:00;SENSOR_004;Location_E;18.79;85.9;1012.98;30.6;active
2024-01-26 06:00:00;SENSOR_001;Location_B;27.39;69.3;1010.38;40.1;active
2024-01-07 05:00:00;SENSOR_010;location_a;20.89;86.6;1009.11;48.3;active
2024-01-19 03:00:00;SENSOR_006;location_b;20.25;;1025.4;57.2;active
2024-02-19 22:00:00;SENSOR_002;location_c;18.54;91.1;1027.08;48.3;active
2024-02-24 11:00:00;SENSOR_008;Location_D;31.18;57.5;1006.5;74.1;active
2024-01-14 15:00:00;SENSOR_003;Location_D;28.09;74.7;1000.08;29.0;active
2024-02-22 20:00:00;SENSOR_004;Location_E;19.47;83.6;1010.21;54.4;active
2024-01-30 01:00:00;SENSOR_004;Location_E;17.96;80.8;1016.15;46.2;active
2024-01-25 19:00:00;SENSOR_007;Location_C;23.56;67.6;1023.75;88.3;active
2024-01-13 11:00:00;SENSOR_006;Location_B;34.22;58.6;1009.64;53.8;active
2024-01-23 01:00:00;SENSOR_004;Location_E;18.03;84.5;1016.25;29.5;active
2024-01-24 18:00:00;SENSOR_006;Location_B;23.61;;1003.71;62.7;active
2024-01-17 06:00:00;SENSOR_002;Location_C;23.15;88.5;1000.68;65.7;active
2024-02-22 05:00:00;SENSOR_009;Location_E;22.53;81.4;1017.32;48.8;active
2024-01-21 00:00:00;SENSOR_008;Location_D;18.77;88.6;1010.56;56.5;active
2024-01-27 16:00:00;SENSOR_004;Location_E;26.56;81.5;1016.42;45.7;active
2024-02-19 10:00:00;SENSOR_008;Location_D;32.37;70.3;1002.68;53.9;active
2024-01-10 19:00:00;SENSOR_006;Location_B;25.53;85.1;991.67;80.4;active
2024-01-20 21:00:00;SENSOR_004;Location_E;16.37;95.0;1012.18;24.0;active
2024-02-24 01:00:00;SENSOR_010;Location_A;19.95;87.8;1015.77;77.8;active
2024-02-03 20:00:00;SENSOR_001;Location_B;15.99;87.2;1009.75;59.4;active
2024-01-14 17:00:00;SENSOR_008;Location_D;25.04;76.8;1003.86;63.4;active
2024-02-22 21:00:00;SENSOR_005;Location_A;20.77;92.4;1021.74;65.8;active
2024-01-30 16:00:00;SENSOR_006;Location_B;30.94;73.4;1008.5;30.0;active
2024-02-19 20:00:00;SENSOR_005;Location_A;21.97;83.3;1013.24;20.1;active
2024-01-18 23:00:00;SENSOR_003;Location_D;18.25;86.1;1008.68;43.1;active
2024-01-20 13:00:00;SENSOR_003;location_d;33.43;64.0;1005.44;36.3;active
2024-01-21 01:00:00;SENSOR_001;Location_B;15.77;96.0;1004.26;44.8;active
2024-01-25 22:00:00;SENSOR_004;Location_E;17.71;84.4;1006.6;84.6;active
2024-01-10 17:00:00;SENSOR_009;location_e;31.44;66.9;1022.29;69.4;active
2024-02-02 05:00:00;SENSOR_009;Location_E;25.81;75.9;1020.57;40.9;active
2024-02-12 19:00:00;SENSOR_003;Location_D;20.15;83.6;1016.96;84.4;active
2024-01-03 04:00:00;SENSOR_001;Location_B;16.49;;1019.66;45.5;active
2024-01-25 12:00:00;SENSOR_001;Location_B;33.53;72.1;1036.37;48.2;active
2024-01-17 23:00:00;SENSOR_001;Location_B;17.6;86.2;1014.2;41.5;active
2024-02-12 10:00:00;SENSOR_005;location_a;32.86;57.6;1021.99;61.1;active
2024-02-02 13:00:00;SENSOR_003;Location_D;31.54;70.2;991.73;62.4;active
2024-02-28 04:00:00;SENSOR_002;Location_C;18.45;85.1;1007.47;60.6;active
2024-01-07 00:00:00;SENSOR_006;Location_B;15.77;92.3;1009.04;38.6;active
2024-01-06 17:00:00;SENSOR_008;Location_D;27.56;76.5;1013.76;96.2;active
2024-01-11 04:00:00;SENSOR_004;Location_E;19.39;81.3;1012.1;50.5;active
2024-01-16 20:00:00;SENSOR_004;Location_E;24.5;79.3;1012.31;56.5;active
2024-02-14 20:00:00;SENSOR_007;Location_C;19.55;91.5;1026.23;38.6;active
2024-01-15 16:00:00;SENSOR_009;Location_E;29.81;71.2;1016.65;54.7;active
2024-02-06 19:00:00;SENSOR_003;Location_D;24.06;72.6;1022.43;126.3;active
2024-01-05 16:00:00;SENSOR_003;location_d;31.79;68.7;1010.86;47.1;active
2024-01-15 18:00:00;SENSOR_006;location_b;25.01;74.1;1006.4;118.0;active
2024-01-10 01:00:00;SENSOR_009;Location_E;21.44;85.2;993.54;50.1;active
2024-01-31 11:00:00;SENSOR_002;Location_C;33.61;69.8;1001.93;92.6;active
2024-02-28 20:00:00;SENSOR_009;location_e;19.42;91.8;1011.4;48.7;active
2024-01-26 16:00:00;SENSOR_002;Location_C;28.11;88.0;1009.43;72.2;active
2024-01-21 03:00:00;SENSOR_004;Location_E;17.37;83.5;1003.26;62.7;active
2024-01-22 13:00:00;SENSOR_010;location_a;32.36;72.8;1013.2;25.1;active
2024-01-02 14:00:00;SENSOR_006;Location_B;31.64;76.2;1006.67;62.3;active
2024-02-27 22:00:00;SENSOR_009;Location_E;23.49;91.1;1007.69;27.2;active
2024-01-13 05:00:00;SENSOR_005;Location_A;23.87;69.8;1021.51;59.0;active
2024-01-06 23:00:00;SENSOR_010;Location_A;15.29;91.2;1027.62;40.4;active
2024-01-09 21:00:00;SENSOR_007;Location_C;20.82;89.9;1012.64;55.8;active
2024-01-30 23:00:00;SENSOR_006;Location_B;16.64;93.2;1006.82;49.7;active
2024-01-31 17:00:00;SENSOR_001;Location_B;27.63;74.8;1026.09;61.8;active
2024-02-07 17:00:00;SENSOR_007;Location_C;24.05;82.3;1015.77;71.2;active
2024-01-19 11:00:00;SENSOR_007;Location_C;31.57;74.0;1034.11;55.1;active
2024-02-09 03:00:00;SENSOR_006;Location_B;19.81;86.9;1010.79;59.2;active
2024-02-10 08:00:00;SENSOR_010;Location_A;26.24;77.5;996.1;80.5;active
2024-01-24 16:00:00;SENSOR_006;Location_B;28.97;64.4;1006.96;78.2;active
2024-01-24 10:00:00;SENSOR_005;Location_A;31.43;65.4;1007.93;50.7;active
2024-01-22 09:00:00;SENSOR_006;Location_B;31.19;70.5;1018.48;66.2;active
2024-01-06 19:00:00;SENSOR_003;Location_D;21.54;84.6;1012.4;80.4;active
2024-02-10 23:00:00;SENSOR_007;Location_C;18.98;77.9;1021.93;53.0;active
2024-01-28 11:00:00;SENSOR_002;Location_C;35.19;63.0;1015.35;37.3;active
2024-01-30 01:00:00;SENSOR_006;Location_B;16.37;89.7;1004.24;43.9;active
2024-02-18 13:00:00;SENSOR_007;location_c;33.13;64.0;1000.96;38.7;active
2024-01-02 07:00:00;SENSOR_007;Location_C;29.95;75.7;1014.23;79.9;active
2024-02-17 17:00:00;SENSOR_006;location_b;;74.2;1013.65;107.6;active
2024-02-07 05:00:00;SENSOR_004;Location_E;24.63;77.9;1007.33;57.7;active
2024-02-29 02:00:00;SENSOR_002;Location_C;14.69;95.9;1034.13;52.5;active
2024-02-25 21:00:00;SENSOR_001;Location_B;20.55;93.7;1029.08;40.8;active
2024-02-19 10:00:00;SENSOR_004;Location_E;34.35;61.1;994.63;59.6;active
2024-02-14 10:00:00;SENSOR_008;Location_D;30.48;66.5;1017.84;4.4;active
2024-01-14 02:00:00;SENSOR_010;location_a;21.64;74.4;1008.28;47.4;active
2024-01-25 09:00:00;SENSOR_005;Location_A;32.21;;1019.41;102.1;active
2024-01-04 00:00:00;SENSOR_008;location_d;17.17;73.9;1006.99;41.4;active
2024-02-11 14:00:00;SENSOR_009;location_e;30.06;73.6;1028.38;41.7;active
2024-01-07 15:00:00;SENSOR_003;location_d;30.34;83.6;1019.55;54.5;active
2024-02-18 21:00:00;SENSOR_008;Location_D;18.4;85.6;1020.93;27.7;active
2024-02-24 23:00:00;SENSOR_005;Location_A;16.94;88.8;1017.08;36.8;active
2024-02-02 12:00:00;SENSOR_002;Location_C;32.54;59.4;1008.83;40.8;active
2024-02-28 11:00:00;SENSOR_008;Location_D;30.43;57.5;1003.22;38.0;active
2024-01-21 14:00:00;SENSOR_008;location_d;31.02;;1009.41;42.9;active
2024-02-27 05:00:00;SENSOR_010;Location_A;21.81;75.0;1001.28;70.3;active
2024-01-25 01:00:00;SENSOR_010;Location_A;13.04;95.7;1016.59;33.7;active
2024-02-28 09:00:00;SENSOR_006;Location_B;29.32;68.4;1001.03;98.0;active
2024-01-14 16:00:00;SENSOR_008;Location_D;30.52;70.2;1012.52;40.8;active
2024-02-16 15:00:00;SENSOR_005;Location_A;;64.4;1009.49;52.5;active
2024-02-28 21:00:00;SENSOR_001;Location_B;18.07;95.4;1026.39;43.6;active
2024-02-12 09:00:00;SENSOR_002;Location_C;29.41;70.9;1015.23;60.6;active
2024-01-15 15:00:00;SENSOR_003;Location_D;32.05;63.5;1015.71;47.5;active
2024-01-10 13:00:00;SENSOR_006;Location_B;32.1;72.1;1009.73;40.2;active
2024-02-23 05:00:00;SENSOR_004;Location_E;21.9;69.6;1008.42;46.7;active
2024-02-15 15:00:00;SENSOR_010;Location_A;32.63;61.6;999.82;74.3;active
2024-01-07 07:00:00;SENSOR_009;Location_E;26.15;74.2;1006.11;102.6;active
2024-01-11 12:00:00;SENSOR_004;Location_E;32.72;67.5;1015.47;55.6;active
2024-01-20 14:00:00;SENSOR_004;Location_E;33.43;;1020.14;35.1;active
2024-02-23 10:00:00;SENSOR_003;Location_D;32.52;67.0;999.79;62.1;active
2024-02-23 19:00:00;SENSOR_002;Location_C;22.23;79.3;1025.18;66.1;active
2024-01-29 02:00:00;SENSOR_002;Location_C;20.43;86.1;1004.06;68.9;active
2024-02-26 07:00:00;SENSOR_004;Location_E;26.19;74.2;999.29;96.3;active
2024-02-22 17:00:00;SENSOR_007;Location_C;30.1;72.8;1028.16;86.6;active
2024-01-01 12:00:00;SENSOR_004;Location_E;27.82;68.8;1017.49;63.6;active
2024-02-13 01:00:00;SENSOR_002;location_c;20.42;80.6;1029.1;49.4;active
2024-02-10 12:00:00;SENSOR_001;Location_B;32.18;65.8;1017.99;41.7;active
2024-01-30 22:00:00;SENSOR_007;location_c;19.8;85.8;999.29;21.0;active
2024-02-20 05:00:00;SENSOR_003;location_d;20.56;77.1;1020.84;60.8;active
2024-01-10 20:00:00;SENSOR_006;Location_B;20.29;79.5;1024.4;64.4;active
2024-01-25 08:00:00;SENSOR_009;Location_E;26.33;82.7;1029.46;73.4;active
2024-01-10 11:00:00;SENSOR_004;Location_E;33.71;58.8;1010.08;39.1;active
2024-01-08 09:00:00;SENSOR_001;Location_B;28.12;81.3;1017.73;75.1;active
2024-02-02 16:00:00;SENSOR_001;Location_B;31.06;;989.83;22.5;active
2024-01-24 03:00:00;SENSOR_001;Location_B;13.88;90.2;1022.98;41.5;active
2024-01-29 04:00:00;SENSOR_007;Location_C;21.74;86.1;1018.76;53.2;active
2024-01-13 07:00:00;SENSOR_009;Location_E;27.92;;1005.17;75.6;active
2024-02-12 16:00:00;SENSOR_003;Location_D;27.81;71.0;1021.46;64.5;active
2024-01-27 18:00:00;SENSOR_004;Location_E;26.18;78.6;1028.2;74.6;active
2024-01-20 03:00:00;SENSOR_002;Location_C;17.59;88.9;1018.25;67.1;active
2024-01-06 15:00:00;SENSOR_004;Location_E;32.65;64.4;1012.13;54.7;active
2024-01-30 00:00:00;SENSOR_001;location_b;16.24;90.6;1028.63;58.9;active
2024-01-23 21:00:00;SENSOR_009;Location_E;21.83;82.2;1008.26;39.4;active
2024-02-09 05:00:00;SENSOR_008;Location_D;22.32;90.0;1017.41;72.2;active
2024-02-26 03:00:00;SENSOR_002;Location_C;17.04;94.3;1014.98;49.9;active
2024-01-11 19:00:00;SENSOR_004;Location_E;25.97;81.6;1010.39;80.0;active
2024-01-27 04:00:00;SENSOR_009;Location_E;22.38;83.8;1001.77;100.4;active
2024-01-23 15:00:00;SENSOR_003;Location_D;28.74;73.8;1022.76;37.5;active
2024-01-28 08:00:00;SENSOR_009;Location_E;29.13;74.8;1034.56;91.3;active
2024-01-15 21:00:00;SENSOR_007;location_c;22.28;77.9;1022.55;39.5;active
2024-01-06 11:00:00;SENSOR_005;Location_A;30.13;79.0;1017.03;35.1;active
2024-02-06 06:00:00;SENSOR_006;Location_B;23.81;80.8;1026.21;37.1;active
2024-01-18 20:00:00;SENSOR_007;Location_C;20.18;90.2;1008.63;66.5;active
2024-02-02 16:00:00;SENSOR_004;Location_E;26.98;84.9;1016.85;65.4;active
2024-01-23 13:00:00;SENSOR_009;Location_E;35.2;58.5;1007.24;76.4;active
2024-01-18 20:00:00;SENSOR_003;Location_D;20.12;84.1;1011.03;83.6;active
2024-01-28 01:00:00;SENSOR_004;Location_E;18.24;94.2;1016.62;43.7;active
2024-02-19 00:00:00;SENSOR_005;Location_A;19.03;82.4;1004.32;30.8;active
2024-02-06 17:00:00;SENSOR_001;Location_B;;74.0;1012.74;82.1;active
2024-01-08 20:00:00;SENSOR_004;Location_E;19.48;86.2;1017.56;39.1;active
2024-02-07 13:00:00;SENSOR_001;Location_B;31.63;69.1;1026.49;27.5;active
2024-01-15 23:00:00;SENSOR_001;Location_B;15.04;87.3;1011.0;55.6;active
2024-01-27 01:00:00;SENSOR_006;Location_B;17.5;92.4;1029.23;70.0;active
2024-02-28 03:00:00;SENSOR_002;Location_C;17.1;89.0;1003.56;35.8;active
2024-01-08 19:00:00;SENSOR_008;Location_D;20.14;87.9;1014.0;91.3;active
2024-02-17 17:00:00;SENSOR_004;location_e;28.98;75.5;1007.56;72.7;active
2024-01-14 00:00:00;SENSOR_005;Location_A;17.34;89.7;1021.48;49.5;active
2024-01-28 03:00:00;SENSOR_008;Location_D;19.94;91.2;1022.2;48.6;maintenance
2024-01-18 17:00:00;SENSOR_006;Location_B;27.21;76.1;1002.6;79.4;active
2024-01-13 06:00:00;SENSOR_007;Location_C;22.97;79.4;1000.7;61.0;active
2024-01-16 16:00:00;SENSOR_008;Location_D;27.62;;1003.53;53.6;active
2024-01-14 01:00:00;SENSOR_007;Location_C;16.92;86.2;1006.94;51.8;active
2024-01-27 07:00:00;SENSOR_004;Location_E;26.33;67.7;1026.08;59.5;active
2024-01-31 02:00:00;SENSOR_010;Location_A;17.97;90.8;1003.8;17.0;active
2024-02-15 02:00:00;SENSOR_008;Location_D;21.55;81.0;1016.32;34.6;active
2024-02-28 19:00:00;SENSOR_009;Location_E;25.44;73.7;1004.78;71.9;active
2024-02-18 04:00:00;SENSOR_009;Location_E;20.51;87.1;995.16;42.1;active
2024-02-07 11:00:00;SENSOR_008;Location_D;31.34;72.7;1018.12;67.3;active
2024-02-10 06:00:00;SENSOR_010;Location_A;26.34;72.3;1027.28;20.2;active
2024-01-02 16:00:00;SENSOR_003;Location_D;28.83;68.1;1023.08;50.1;active
2024-02-28 05:00:00;SENSOR_010;Location_A;23.1;81.9;1023.73;31.1;active
2024-02-24 17:00:00;SENSOR_004;Location_E;28.61;75.5;1006.2;75.3;active
2024-01-18 19:00:00;SENSOR_006;location_b;19.27;83.8;1021.91;99.7;active
2024-01-31 22:00:00;SENSOR_003;Location_D;21.44;81.4;1004.42;51.8;active
2024-01-12 05:00:00;SENSOR_006;Location_B;22.92;80.1;1003.05;69.6;active
2024-01-22 15:00:00;SENSOR_010;Location_A;24.69;75.4;1024.82;45.9;active
2024-01-26 00:00:00;SENSOR_006;Location_B;15.39;100.0;1010.63;25.2;active
2024-01-27 10:00:00;SENSOR_004;Location_E;89.4;70.1;1010.44;34.5;active
2024-01-28 05:00:00;SENSOR_007;Location_C;25.36;81.0;1004.27;43.9;active
2024-01-27 15:00:00;SENSOR_006;Location_B;32.43;70.9;1029.58;44.6;active
2024-02-27 08:00:00;SENSOR_006;Location_B;30.38;69.4;1005.07;109.2;active
2024-01-30 14:00:00;SENSOR_010;Location_A;32.29;68.2;1012.67;45.3;active
2024-01-09 20:00:00;SENSOR_002;Location_C;20.04;81.7;1018.83;40.1;active
2024-02-01 03:00:00;SENSOR_010;Location_A;19.11;86.7;1006.59;22.7;active
2024-02-20 15:00:00;SENSOR_008;Location_D;32.22;65.8;1020.26;52.7;active
2024-01-01 01:00:00;SENSOR_009;Location_E;16.83;85.1;1006.02;57.2;active
2024-01-05 07:00:00;SENSOR_009;Location_E;25.88;68.2;1003.64;113.1;active
2024-01-01 22:00:00;SENSOR_008;Location_D;16.06;95.9;1018.8;32.2;active
2024-02-14 20:00:00;SENSOR_003;Location_D;22.47;77.7;992.4;73.5;active
2024-01-05 02:00:00;SENSOR_007;Location_C;19.23;87.5;1014.52;38.9;active
2024-02-06 20:00:00;SENSOR_009;Location_E;21.58;92.1;1015.18;52.9;active
2024-02-19 00:00:00;SENSOR_008;Location_D;17.63;91.5;1017.7;38.8;active
2024-02-07 18:00:00;SENSOR_009;Location_E;25.77;80.5;1001.4;86.6;active
2024-01-05 14:00:00;SENSOR_006;Location_B;31.1;67.1;994.74;62.5;active
2024-02-09 18:00:00;SENSOR_005;Location_A;24.89;83.2;1003.95;76.2;active
2024-02-21 03:00:00;SENSOR_006;location_b;26.22;76.2;1024.05;52.1;active
2024-02-20 12:00:00;SENSOR_005;Location_A;32.57;59.3;1015.54;46.2;active
2024-01-22 19:00:00;SENSOR_008;Location_D;27.13;72.1;1007.09;104.9;active
2024-02-13 18:00:00;SENSOR_005;Location_A;26.63;78.0;1020.61;75.6;active
2024-01-17 05:00:00;SENSOR_006;Location_B;22.4;78.4;1017.71;38.3;active
2024-02-15 20:00:00;SENSOR_006;Location_B;19.22;88.4;1005.96;66.4;active
2024-01-16 06:00:00;SENSOR_010;Location_A;20.75;79.5;1005.9;57.7;active
2024-01-14 19:00:00;SENSOR_003;Location_D;20.76;82.8;1010.2;58.4;active
2024-02-13 02:00:00;SENSOR_009;Location_E;18.45;90.8;1015.25;56.9;active
2024-01-12 13:00:00;SENSOR_009;Location_E;33.3;64.2;1019.71;48.2;active
2024-01-04 23:00:00;SENSOR_001;location_b;15.54;89.3;1007.39;31.3;active
2024-01-06 06:00:00;SENSOR_010;location_a;25.12;83.9;1028.95;56.6;active
2024-02-09 08:00:00;SENSOR_001;Location_B;32.49;63.0;1029.09;68.0;active
2024-02-18 16:00:00;SENSOR_004;Location_E;24.73;71.9;1024.84;54.7;active
2024-02-25 16:00:00;SENSOR_007;location_c;30.48;72.7;1009.35;61.6;active
2024-02-24 00:00:00;SENSOR_004;Location_E;17.27;92.6;1030.71;40.7;maintenance
2024-01-07 05:00:00;SENSOR_006;Location_B;22.76;85.4;1030.46;84.9;active
2024-01-22 17:00:00;SENSOR_009;Location_E;30.19;72.4;1011.04;99.3;active
2024-02-12 01:00:00;SENSOR_006;Location_B;21.5;84.7;1003.28;68.1;active
2024-02-09 16:00:00;SENSOR_007;Location_C;26.72;78.3;1005.26;49.4;active
2024-01-20 15:00:00;SENSOR_002;Location_C;32.5;67.8;1012.72;47.3;active
2024-01-21 12:00:00;SENSOR_008;Location_D;32.72;59.7;1021.05;29.1;active
2024-01-14 18:00:00;SENSOR_010;Location_A;25.29;72.8;1009.75;71.5;active
2024-02-21 14:00:00;SENSOR_003;Location_D;28.76;68.2;1022.2;71.1;active
2024-02-29 23:00:00;SENSOR_008;Location_D;;88.4;1014.38;53.2;active
2024-01-01 19:00:00;SENSOR_006;Location_B;20.55;79.5;1012.68;77.0;active
2024-02-27 01:00:00;SENSOR_003;location_d;17.06;91.0;1015.0;69.7;active
2024-02-18 11:00:00;SENSOR_006;Location_B;29.28;73.3;1037.07;50.4;active
2024-01-10 04:00:00;SENSOR_006;Location_B;22.06;72.6;1018.83;22.5;active
2024-02-28 08:00:00;SENSOR_003;location_d;27.09;71.3;1013.74;94.5;active
2024-01-18 06:00:00;SENSOR_010;Location_A;24.94;84.2;1011.87;56.7;active
2024-02-17 08:00:00;SENSOR_010;location_a;;69.2;1013.88;63.5;active
2024-02-26 18:00:00;SENSOR_007;Location_C;28.77;67.0;1016.21;91.9;active
2024-02-24 10:00:00;SENSOR_001;Location_B;31.88;65.5;1021.85;46.6;active
2024-01-11 04:00:00;SENSOR_009;location_e;19.34;80.8;1001.76;43.2;active
2024-01-16 14:00:00;SENSOR_009;Location_E;31.18;;1014.15;49.1;active
2024-01-26 12:00:00;SENSOR_002;Location_C;33.28;55.3;1004.29;52.5;active
2024-01-08 19:00:00;SENSOR_006;Location_B;22.4;75.7;1019.23;72.7;active
2024-01-09 13:00:00;SENSOR_002;Location_C;34.14;62.2;1011.32;57.1;active
2024-02-25 00:00:00;SENSOR_009;Location_E;21.11;91.0;1011.22;56.3;active
2024-02-28 14:00:00;SENSOR_002;Location_C;32.22;58.9;1010.7;50.6;active
2024-02-28 10:00:00;SENSOR_005;location_a;31.65;65.8;1023.53;28.2;active
2024-01-13 02:00:00;SENSOR_003;Location_D;16.92;89.2;998.47;61.8;active
2024-02-12 11:00:00;SENSOR_002;Location_C;34.44;59.6;1035.29;63.6;active
2024-01-02 10:00:00;SENSOR_007;location_c;30.48;71.1;1024.78;40.8;active
2024-02-29 10:00:00;SENSOR_008;Location_D;33.44;59.4;1011.28;58.8;active
2024-01-06 07:00:00;SENSOR_008;Location_D;23.14;75.2;1013.5;82.9;active
2024-02-12 10:00:00;SENSOR_001;Location_B;32.98;69.0;1022.0;46.5;active
2024-02-11 04:00:00;SENSOR_009;Location_E;20.33;79.8;1003.43;56.4;active
2024-02-24 18:00:00;SENSOR_007;Location_C;21.32;83.6;1013.4;67.3;active
2024-02-10 20:00:00;SENSOR_010;Location_A;19.24;89.7;996.54;31.1;active
2024-01-21 02:00:00;SENSOR_003;Location_D;17.95;87.5;1028.11;41.7;active
2024-01-13 23:00:00;SENSOR_005;Location_A;15.43;93.9;1029.01;36.6;active
2024-02-23 04:00:00;SENSOR_007;Location_C;18.43;87.5;1012.79;29.0;active
2024-01-21 03:00:00;SENSOR_002;Location_C;19.9;88.2;1011.14;98.0;active
2024-01-06 22:00:00;SENSOR_005;Location_A;14.52;99.6;994.28;28.8;active
2024-02-25 12:00:00;SENSOR_008;Location_D;31.88;58.8;1023.47;43.8;active
2024-01-31 20:00:00;SENSOR_002;location_c;18.54;90.2;1028.7;64.5;active
2024-02-29 19:00:00;SENSOR_003;Location_D;21.91;81.2;1021.05;100.9;active
2024-02-27 13:00:00;SENSOR_003;Location_D;34.25;64.2;1003.27;41.8;active
2024-01-09 09:00:00;SENSOR_003;Location_D;30.5;71.9;1023.13;51.0;active
2024-02-10 18:00:00;SENSOR_005;Location_A;25.83;75.1;1016.2;62.2;active
2024-01-23 12:00:00;SENSOR_006;Location_B;34.01;59.3;1019.84;57.2;active
2024-01-29 02:00:00;SENSOR_007;Location_C;17.0;88.1;989.75;17.2;active
2024-02-14 19:00:00;SENSOR_007;location_c;24.14;80.8;1011.47;92.1;active
2024-01-28 08:00:00;SENSOR_001;Location_B;28.59;67.4;1010.21;76.5;active
2024-01-07 09:00:00;SENSOR_009;Location_E;29.58;72.9;1020.1;96.3;active
2024-02-10 13:00:00;SENSOR_003;Location_D;34.43;60.5;1014.78;55.7;active
2024-01-05 00:00:00;SENSOR_010;Location_A;13.92;91.6;1013.04;28.8;active
2024-01-22 12:00:00;SENSOR_008;Location_D;32.85;62.0;1001.63;59.5;active
2024-01-05 07:00:00;SENSOR_003;location_d;29.03;63.1;1004.67;68.9;active
2024-02-20 22:00:00;SENSOR_001;Location_B;17.34;97.9;1019.85;46.1;active
2024-01-07 06:00:00;SENSOR_006;Location_B;21.7;77.2;1019.46;45.9;active
2024-01-07 03:00:00;SENSOR_006;Location_B;19.42;86.1;993.5;54.9;active
2024-02-17 00:00:00;SENSOR_005;Location_A;17.8;82.4;1014.72;61.4;active
2024-01-13 09:00:00;SENSOR_004;Location_E;32.02;75.9;1025.45;79.2;active
2024-02-06 13:00:00;SENSOR_008;Location_D;32.75;56.3;1019.45;31.5;active
2024-02-03 12:00:00;SENSOR_009;Location_E;34.19;64.0;1010.39;63.1;active
2024-02-11 08:00:00;SENSOR_008;location_d;24.99;84.9;1021.24;49.3;active
2024-01-13 00:00:00;SENSOR_007;location_c;15.51;86.0;1011.63;39.7;active
2024-02-05 17:00:00;SENSOR_003;Location_D;25.09;72.4;1003.59;87.6;active
2024-01-27 19:00:00;SENSOR_007;Location_C;24.25;78.8;1002.27;115.1;active
2024-02-01 23:00:00;SENSOR_001;Location_B;17.73;86.0;1007.09;48.5;active
2024-01-16 17:00:00;SENSOR_002;Location_C;25.65;79.3;1001.67;65.5;active
2024-01-27 01:00:00;SENSOR_002;Location_C;19.34;84.0;1007.4;67.0;active
2024-01-31 23:00:00;SENSOR_009;Location_E;14.89;97.9;999.05;71.5;active
2024-02-05 04:00:00;SENSOR_001;Location_B;20.59;80.6;1021.8;32.8;active
2024-02-11 16:00:00;SENSOR_006;Location_B;;76.0;1021.45;34.5;active
2024-01-26 11:00:00;SENSOR_008;Location_D;36.43;54.3;1018.74;18.1;active
2024-02-04 09:00:00;SENSOR_010;Location_A;33.34;69.6;1017.07;77.1;active
2024-01-07 04:00:00;SENSOR_008;Location_D;22.06;78.7;1033.28;60.1;active
2024-01-25 23:00:00;SENSOR_002;Location_C;15.17;89.7;1014.78;43.0;active
2024-02-24 15:00:00;SENSOR_009;Location_E;27.76;78.2;1023.81;43.0;active
2024-02-03 23:00:00;SENSOR_004;Location_E;20.8;85.1;1024.77;56.0;active
2024-02-18 05:00:00;SENSOR_008;Location_D;24.44;87.3;1019.29;35.9;active
2024-02-10 23:00:00;SENSOR_010;Location_A;17.83;;1012.81;43.4;active
2024-02-06 06:00:00;SENSOR_007;Location_C;25.27;86.0;1010.23;40.0;active
2024-01-31 18:00:00;SENSOR_008;Location_D;23.95;76.3;1007.29;90.1;active
2024-02-23 09:00:00;SENSOR_003;Location_D;27.91;77.6;1010.96;83.9;active
2024-01-23 18:00:00;SENSOR_003;Location_D;24.94;75.6;1007.57;67.6;active
2024-02-24 18:00:00;SENSOR_004;Location_E;23.55;86.5;1019.47;56.1;active
2024-01-20 06:00:00;SENSOR_005;Location_A;23.81;81.8;1012.16;31.8;active
2024-01-23 11:00:00;SENSOR_006;Location_B;33.19;62.3;1016.73;47.4;active
2024-02-23 11:00:00;SENSOR_008;Location_D;31.35;;1014.05;53.8;active
2024-02-01 10:00:00;SENSOR_007;Location_C;30.34;68.6;1020.04;36.4;active
2024-02-07 06:00:00;SENSOR_001;Location_B;22.14;80.4;1008.62;63.4;active
2024-02-11 23:00:00;SENSOR_007;Location_C;15.64;94.7;998.48;54.2;active
2024-02-28 17:00:00;SENSOR_009;Location_E;27.28;77.3;1042.04;98.5;active
2024-02-05 13:00:00;SENSOR_010;Location_A;31.89;64.7;1005.51;52.5;active
2024-02-12 20:00:00;SENSOR_010;Location_A;18.55;85.5;1007.83;40.6;active
2024-01-02 16:00:00;SENSOR_009;Location_E;29.36;73.5;1027.56;58.1;active
2024-01-17 19:00:00;SENSOR_006;Location_B;24.92;75.2;1008.03;93.3;active
2024-02-06 07:00:00;SENSOR_005;Location_A;26.28;77.4;1004.07;69.6;active
2024-02-23 13:00:00;SENSOR_010;Location_A;32.88;82.3;1015.44;47.4;active
2024-01-10 15:00:00;SENSOR_010;Location_A;27.75;74.2;1021.27;47.7;active
2024-01-03 01:00:00;SENSOR_008;Location_D;;86.4;1010.28;44.8;active
2024-02-11 00:00:00;SENSOR_009;Location_E;15.27;86.9;1013.36;57.9;active
2024-01-19 18:00:00;SENSOR_004;location_e;26.13;79.3;1013.43;80.4;active
2024-01-26 10:00:00;SENSOR_009;location_e;30.84;77.1;1002.03;53.0;active
2024-02-06 20:00:00;SENSOR_007;Location_C;23.57;76.7;1015.3;82.9;active
2024-01-28 07:00:00;SENSOR_008;Location_D;25.71;79.1;1020.88;74.4;active
2024-02-04 19:00:00;SENSOR_007;Location_C;22.46;83.7;1005.26;73.8;active
2024-01-25 11:00:00;SENSOR_008;Location_D;31.85;67.4;1006.2;70.8;active
2024-02-06 08:00:00;SENSOR_008;Location_D;31.27;71.9;1024.27;76.3;active
2024-01-05 01:00:00;SENSOR_006;Location_B;18.68;96.1;1008.85;69.7;active
2024-01-16 17:00:00;SENSOR_010;Location_A;27.67;74.6;1025.66;90.7;active
2024-02-24 00:00:00;SENSOR_008;Location_D;15.71;92.6;1019.66;46.5;active
2024-02-28 00:00:00;SENSOR_007;Location_C;18.39;92.5;1011.7;63.4;active
2024-01-18 03:00:00;SENSOR_007;Location_C;18.93;85.9;1023.08;34.5;active
2024-02-11 16:00:00;SENSOR_002;Location_C;30.13;58.6;988.03;40.7;active
2024-01-03 21:00:00;SENSOR_001;Location_B;18.02;84.4;1015.71;76.5;active
2024-02-11 13:00:00;SENSOR_007;Location_C;33.73;62.2;1006.55;58.1;active
2024-01-02 17:00:00;SENSOR_001;Location_B;25.57;82.5;1012.32;85.8;active
2024-01-29 23:00:00;SENSOR_010;Location_A;14.51;88.5;1007.19;25.8;active
2024-01-12 10:00:00;SENSOR_003;Location_D;31.45;71.3;997.85;71.1;active
2024-01-10 05:00:00;SENSOR_007;location_c;22.49;85.6;1008.32;39.1;active
2024-01-29 10:00:00;SENSOR_003;Location_D;34.75;63.1;1030.69;49.0;active
2024-01-12 03:00:00;SENSOR_010;Location_A;20.44;82.9;1021.07;65.4;active
2024-02-21 18:00:00;SENSOR_002;Location_C;26.91;79.9;1005.71;60.8;active
2024-01-08 00:00:00;SENSOR_004;Location_E;17.63;79.8;1007.6;47.8;active
2024-02-10 04:00:00;SENSOR_007;location_c;19.93;87.8;1014.12;47.4;active
2024-01-15 11:00:00;SENSOR_008;Location_D;31.09;69.2;1011.85;38.9;active
2024-01-17 00:00:00;SENSOR_008;Location_D;20.22;90.4;1021.3;47.5;active
2024-01-23 03:00:00;SENSOR_010;Location_A;19.68;75.3;1021.76;21.5;active
2024-02-04 08:00:00;SENSOR_008;Location_D;29.42;83.2;1014.05;78.5;active
2024-01-27 11:00:00;SENSOR_008;Location_D;32.92;55.8;1004.42;41.0;active
2024-01-31 04:00:00;SENSOR_010;Location_A;20.34;81.1;1001.66;49.0;active
2024-01-20 13:00:00;SENSOR_009;Location_E;33.75;73.0;1017.18;63.1;active
2024-01-04 10:00:00;SENSOR_002;location_c;32.55;65.3;1023.03;31.1;active
2024-02-03 02:00:00;SENSOR_008;Location_D;17.94;89.3;1005.57;19.5;active
2024-02-25 21:00:00;SENSOR_010;Location_A;14.07;90.3;1015.28;49.9;active
2024-01-25 09:00:00;SENSOR_002;Location_C;31.04;73.7;1015.53;99.8;active
2024-01-25 05:00:00;SENSOR_004;Location_E;22.28;84.0;1024.84;52.9;active
2024-01-13 16:00:00;SENSOR_002;Location_C;31.61;60.2;1010.03;42.1;active
2024-01-10 16:00:00;SENSOR_010;Location_A;26.43;68.0;1025.54;56.6;active
2024-02-13 07:00:00;SENSOR_010;Location_A;23.85;83.0;1011.78;104.1;active
2024-01-23 23:00:00;SENSOR_003;Location_D;16.74;97.7;1021.03;35.7;active
2024-02-08 03:00:00;SENSOR_007;location_c;22.16;85.0;1013.15;43.8;active
2024-02-27 21:00:00;SENSOR_005;Location_A;20.45;84.9;1006.84;36.6;active
2024-02-16 23:00:00;SENSOR_007;Location_C;14.91;93.0;1021.43;42.9;active
2024-02-19 03:00:00;SENSOR_002;Location_C;18.11;89.8;998.51;13.6;active
2024-01-07 02:00:00;SENSOR_004;Location_E;11.65;92.2;1010.95;59.9;active
2024-01-18 02:00:00;SENSOR_007;Location_C;19.32;82.6;1023.6;12.3;active
2024-01-20 17:00:00;SENSOR_009;Location_E;29.46;;1002.65;82.4;active
2024-01-22 23:00:00;SENSOR_005;Location_A;18.0;89.9;1018.23;69.9;active
2024-02-14 03:00:00;SENSOR_010;location_a;19.62;88.0;1015.61;53.4;active
2024-02-14 17:00:00;SENSOR_005;Location_A;27.24;78.6;1027.97;60.6;active
2024-01-16 13:00:00;SENSOR_001;Location_B;32.23;65.6;1006.63;33.5;active
2024-02-19 20:00:00;SENSOR_007;Location_C;19.67;83.6;1001.52;38.4;active
2024-01-25 22:00:00;SENSOR_006;location_b;18.22;94.4;1012.13;42.0;active
2024-01-12 04:00:00;SENSOR_008;Location_D;;82.0;1004.22;63.7;active
2024-02-06 06:00:00;SENSOR_003;Location_D;22.57;80.2;1017.64;58.3;active
2024-01-26 23:00:00;SENSOR_007;Location_C;15.94;89.3;1020.07;53.4;active
2024-02-27 16:00:00;SENSOR_010;Location_A;26.38;74.4;1017.86;44.0;active
2024-01-03 08:00:00;SENSOR_010;Location_A;28.97;67.3;1017.7;68.1;active
2024-01-15 20:00:00;SENSOR_008;Location_D;22.15;85.2;1012.47;40.6;active
2024-02-09 18:00:00;SENSOR_008;Location_D;24.17;82.5;1012.45;65.7;active
2024-01-19 03:00:00;SENSOR_003;Location_D;17.09;;1015.47;71.2;active
2024-01-20 14:00:00;SENSOR_009;Location_E;87.03;69.0;1005.63;61.7;active
2024-02-07 00:00:00;SENSOR_004;Location_E;17.9;85.6;1019.75;79.2;active
2024-02-10 17:00:00;SENSOR_001;Location_B;27.63;69.9;1011.58;66.5;active
2024-01-04 03:00:00;SENSOR_004;Location_E;19.61;92.0;1017.54;59.0;active
2024-02-18 03:00:00;SENSOR_001;Location_B;;90.5;1004.74;43.7;active
2024-01-12 22:00:00;SENSOR_005;Location_A;17.42;84.8;1022.47;34.5;active
2024-02-08 11:00:00;SENSOR_010;Location_A;34.26;66.1;1028.5;48.3;active
2024-01-01 23:00:00;SENSOR_003;Location_D;20.01;81.1;1022.36;51.2;active
2024-01-25 08:00:00;SENSOR_006;Location_B;26.95;71.4;1025.37;84.2;active
2024-02-23 13:00:00;SENSOR_004;Location_E;34.79;51.8;1021.73;45.4;active
2024-01-24 17:00:00;SENSOR_003;Location_D;28.83;;1011.16;82.0;active
2024-01-11 09:00:00;SENSOR_001;Location_B;30.02;61.4;1026.66;76.3;active
2024-02-13 01:00:00;SENSOR_008;Location_D;17.82;92.3;1023.93;63.7;active
2024-01-04 18:00:00;SENSOR_006;Location_B;24.72;78.8;1013.97;77.7;active
2024-01-29 11:00:00;SENSOR_001;Location_B;31.91;73.4;1014.29;38.8;active
2024-02-29 21:00:00;SENSOR_001;Location_B;19.07;89.0;1011.33;58.3;active
2024-02-20 13:00:00;SENSOR_004;location_e;35.27;53.9;1031.36;60.3;active
2024-02-25 18:00:00;SENSOR_007;Location_C;26.31;77.3;1031.63;86.7;active
2024-02-06 16:00:00;SENSOR_002;Location_C;27.02;79.5;1021.05;36.6;active
2024-01-31 09:00:00;SENSOR_001;Location_B;30.39;66.2;1023.18;63.2;active
2024-01-30 18:00:00;SENSOR_010;location_a;28.26;79.0;1006.09;86.0;active
2024-02-06 22:00:00;SENSOR_002;Location_C;22.65;84.7;1023.96;60.5;active
2024-01-07 11:00:00;SENSOR_002;Location_C;102.44999999999999;68.5;1011.9;51.7;active
2024-02-23 18:00:00;SENSOR_005;Location_A;26.27;68.8;1022.02;92.3;active
2024-01-03 05:00:00;SENSOR_004;Location_E;21.87;76.3;1011.38;46.5;active
2024-02-22 12:00:00;SENSOR_006;Location_B;33.16;65.3;1010.74;60.8;active
2024-02-06 21:00:00;SENSOR_009;Location_E;17.36;89.7;1003.39;21.0;active
2024-01-26 22:00:00;SENSOR_009;Location_E;18.82;82.5;1005.52;43.3;active
2024-01-11 15:00:00;SENSOR_005;Location_A;29.7;67.8;1019.24;53.9;active
2024-02-26 19:00:00;SENSOR_007;Location_C;21.1;;1011.27;63.6;active
2024-01-16 12:00:00;SENSOR_010;location_a;28.91;60.1;1010.85;78.1;active
2024-02-29 16:00:00;SENSOR_002;Location_C;27.14;77.9;1021.56;42.8;active
2024-02-08 09:00:00;SENSOR_009;Location_E;30.63;70.0;1037.23;72.1;active
2024-02-25 04:00:00;SENSOR_002;Location_C;19.33;;1008.81;38.2;active
2024-02-03 20:00:00;SENSOR_010;Location_A;22.85;80.1;992.32;57.4;active
2024-02-26 16:00:00;SENSOR_009;Location_E;30.92;68.4;1020.71;82.7;active
2024-02-03 17:00:00;SENSOR_004;Location_E;26.25;;1016.75;95.1;active
2024-02-22 01:00:00;SENSOR_010;Location_A;16.64;89.3;1017.82;44.1;active
2024-02-29 02:00:00;SENSOR_004;Location_E;15.53;90.7;997.21;26.9;active
2024-02-03 10:00:00;SENSOR_003;Location_D;30.43;71.2;1007.28;49.9;active
2024-01-04 15:00:00;SENSOR_010;Location_A;28.78;68.4;1011.96;64.1;active
2024-02-15 04:00:00;SENSOR_007;Location_C;21.0;87.7;1009.26;81.4;active
2024-02-15 15:00:00;SENSOR_007;Location_C;32.06;63.1;1000.15;28.2;active
2024-01-07 10:00:00;SENSOR_004;Location_E;29.71;70.8;1014.73;56.7;active
2024-01-05 12:00:00;SENSOR_010;Location_A;32.71;68.5;1023.76;51.4;active
2024-01-10 01:00:00;SENSOR_007;Location_C;15.98;94.9;1029.74;61.9;active
2024-02-04 19:00:00;SENSOR_008;Location_D;20.46;;997.3;62.2;active
2024-02-04 12:00:00;SENSOR_001;Location_B;31.06;78.1;1007.35;32.3;active
2024-02-06 20:00:00;SENSOR_005;Location_A;20.74;79.3;1015.06;50.4;active
2024-02-13 04:00:00;SENSOR_008;Location_D;18.09;90.7;1022.01;67.7;active
2024-02-28 21:00:00;SENSOR_006;Location_B;18.69;91.9;1012.71;46.8;active
2024-02-27 22:00:00;SENSOR_003;location_d;15.69;96.8;1007.87;46.1;active
2024-01-06 03:00:00;SENSOR_008;location_d;17.87;;1024.03;32.2;active
2024-02-15 08:00:00;SENSOR_005;Location_A;28.08;76.3;1006.69;93.6;active
2024-02-09 05:00:00;SENSOR_009;Location_E;20.61;83.1;1023.62;46.5;active
2024-01-10 17:00:00;SENSOR_001;Location_B;29.3;70.6;992.55;102.4;active
2024-01-05 05:00:00;SENSOR_002;Location_C;25.99;76.7;1005.86;57.4;active
2024-01-03 01:00:00;SENSOR_009;Location_E;15.32;92.8;1010.86;66.8;active
2024-01-13 23:00:00;SENSOR_001;Location_B;17.86;79.7;1022.86;57.5;active
2024-02-14 10:00:00;SENSOR_009;location_e;31.89;60.7;1019.79;43.2;active
2024-01-25 01:00:00;SENSOR_008;Location_D;19.12;;1018.54;28.5;active
2024-01-05 23:00:00;SENSOR_009;Location_E;17.28;92.9;1003.31;40.2;active
2024-01-19 22:00:00;SENSOR_002;Location_C;13.2;97.7;1013.17;60.8;active
2024-01-22 05:00:00;SENSOR_007;Location_C;22.77;84.2;1017.44;54.1;active
2024-01-27 17:00:00;SENSOR_004;Location_E;27.81;71.1;1008.75;64.9;active
2024-01-10 21:00:00;SENSOR_004;Location_E;17.04;95.6;1007.26;61.2;active
2024-01-30 05:00:00;SENSOR_002;Location_C;28.96;72.9;1050.9;39.4;active
2024-02-29 19:00:00;SENSOR_009;Location_E;22.73;86.1;1022.99;74.3;active
2024-01-15 20:00:00;SENSOR_010;Location_A;20.13;81.7;1008.96;47.8;active
2024-01-07 00:00:00;SENSOR_008;Location_D;16.46;93.1;1026.7;65.1;active
2024-02-20 11:00:00;SENSOR_006;Location_B;32.95;72.6;1032.09;16.4;active
2024-02-28 16:00:00;SENSOR_006;Location_B;27.3;74.2;1004.13;67.9;active
2024-01-19 23:00:00;SENSOR_010;location_a;17.63;90.5;1009.47;49.4;active
2024-01-25 21:00:00;SENSOR_004;Location_E;22.5;89.0;1014.69;20.5;active
2024-02-02 08:00:00;SENSOR_004;Location_E;26.22;78.9;1008.06;59.4;active
2024-02-25 03:00:00;SENSOR_007;Location_C;16.61;81.3;1030.32;37.7;active
2024-02-22 18:00:00;SENSOR_001;Location_B;24.57;79.8;1007.13;91.6;active
2024-02-04 06:00:00;SENSOR_009;Location_E;24.79;74.8;1008.18;54.8;active
2024-02-03 22:00:00;SENSOR_008;Location_D;19.02;82.2;997.9;47.5;active
2024-01-24 21:00:00;SENSOR_003;Location_D;18.92;80.6;1002.29;48.0;active
2024-02-18 02:00:00;SENSOR_008;Location_D;18.52;85.0;1028.74;69.2;active
2024-02-27 05:00:00;SENSOR_001;Location_B;19.58;88.0;1013.5;55.4;active
2024-02-14 14:00:00;SENSOR_001;Location_B;36.53;66.0;1012.54;49.2;active
2024-01-02 14:00:00;SENSOR_003;Location_D;31.99;71.8;1020.04;52.4;active
2024-02-08 00:00:00;SENSOR_005;location_a;19.31;73.0;992.95;24.1;active
2024-02-13 21:00:00;SENSOR_001;Location_B;21.38;76.8;1002.58;7.1;active
2024-01-06 10:00:00;SENSOR_006;Location_B;29.27;70.5;1020.53;73.6;active
2024-02-27 22:00:00;SENSOR_008;Location_D;19.44;77.4;1036.5;42.4;active
2024-01-04 19:00:00;SENSOR_010;location_a;21.95;85.2;1028.97;64.3;active
2024-02-27 01:00:00;SENSOR_006;Location_B;17.83;86.5;1005.41;32.2;active
2024-02-14 14:00:00;SENSOR_006;Location_B;;62.1;1025.09;62.0;active
2024-02-05 14:00:00;SENSOR_004;Location_E;32.73;68.8;1020.58;43.9;active
2024-02-06 23:00:00;SENSOR_004;Location_E;16.38;90.1;1023.23;38.7;active
2024-01-03 04:00:00;SENSOR_010;Location_A;22.26;87.1;1003.93;42.1;active
2024-01-22 14:00:00;SENSOR_003;Location_D;33.11;63.6;1015.47;37.4;active
2024-01-13 14:00:00;SENSOR_006;Location_B;34.28;65.1;1001.91;41.7;active
2024-01-09 18:00:00;SENSOR_002;Location_C;27.16;73.5;1008.49;75.8;active
2024-01-17 09:00:00;SENSOR_010;Location_A;29.87;77.2;1030.16;86.5;active
2024-02-01 14:00:00;SENSOR_002;Location_C;30.11;68.2;1020.44;22.8;active
2024-01-02 02:00:00;SENSOR_004;Location_E;16.98;88.3;1012.92;27.9;active
2024-02-05 04:00:00;SENSOR_003;Location_D;20.94;73.3;1027.41;68.5;active
2024-01-03 07:00:00;SENSOR_009;Location_E;27.08;;1019.84;86.5;active
2024-01-22 00:00:00;SENSOR_004;Location_E;18.02;86.5;1010.47;38.1;active
2024-02-27 17:00:00;SENSOR_010;Location_A;27.8;76.5;1020.36;66.5;active
2024-02-24 05:00:00;SENSOR_001;Location_B;23.77;88.6;1026.31;49.6;active
2024-01-11 18:00:00;SENSOR_010;Location_A;25.42;61.5;1000.26;68.5;active
2024-02-16 08:00:00;SENSOR_006;Location_B;29.22;70.8;1014.5;94.3;active
2024-01-16 14:00:00;SENSOR_002;Location_C;28.79;77.5;994.88;59.1;active
2024-01-21 17:00:00;SENSOR_007;Location_C;28.99;68.3;1011.16;90.1;active
2024-01-06 04:00:00;SENSOR_010;Location_A;22.98;78.5;1020.85;50.1;active
2024-02-29 19:00:00;SENSOR_010;Location_A;28.33;64.9;1008.1;105.7;active
2024-02-07 12:00:00;SENSOR_007;location_c;35.07;56.1;1025.06;48.8;active
2024-02-25 20:00:00;SENSOR_001;Location_B;23.18;76.7;1001.66;32.5;active
2024-02-26 10:00:00;SENSOR_008;Location_D;33.9;68.8;1008.12;74.0;active
2024-01-27 12:00:00;SENSOR_005;Location_A;32.88;68.1;1014.34;49.6;active
2024-01-18 05:00:00;SENSOR_003;Location_D;21.08;72.7;1020.88;63.0;active
2024-02-12 15:00:00;SENSOR_007;Location_C;30.95;78.7;1014.03;38.8;active
2024-01-13 19:00:00;SENSOR_010;Location_A;22.72;76.5;1003.31;70.5;active
2024-02-22 04:00:00;SENSOR_007;Location_C;18.14;88.9;1024.71;66.6;active
2024-01-31 12:00:00;SENSOR_003;Location_D;31.13;66.6;1025.9;49.4;active
2024-01-23 19:00:00;SENSOR_007;Location_C;25.37;71.1;1007.93;68.9;active
2024-01-24 20:00:00;SENSOR_001;Location_B;20.72;86.6;997.92;34.6;active
2024-01-31 03:00:00;SENSOR_001;Location_B;19.91;96.8;1007.69;56.3;active
2024-02-23 13:00:00;SENSOR_005;Location_A;33.3;63.6;999.23;26.4;active
2024-01-16 03:00:00;SENSOR_002;Location_C;20.31;80.1;1003.39;50.2;active
2024-01-13 14:00:00;SENSOR_010;Location_A;34.78;62.3;1012.99;42.0;active
2024-02-17 03:00:00;SENSOR_010;Location_A;17.56;81.3;1009.06;61.2;active
2024-01-13 16:00:00;SENSOR_009;Location_E;24.51;72.4;1001.38;53.9;active
2024-02-25 06:00:00;SENSOR_008;Location_D;26.57;74.1;1014.37;65.2;active
2024-02-12 00:00:00;SENSOR_006;Location_B;20.52;84.5;1027.21;47.0;active
2024-02-15 08:00:00;SENSOR_006;Location_B;35.24;53.3;993.89;97.2;active
2024-01-25 05:00:00;SENSOR_010;Location_A;22.26;82.5;1034.64;13.7;active
2024-01-14 21:00:00;SENSOR_010;Location_A;18.29;84.3;1025.19;42.4;active
2024-01-14 12:00:00;SENSOR_010;Location_A;33.54;61.8;1004.82;47.0;maintenance
2024-01-29 17:00:00;SENSOR_001;Location_B;;69.7;1008.41;86.3;active
2024-01-15 19:00:00;SENSOR_004;location_e;24.89;77.1;1016.21;65.4;active
2024-01-26 02:00:00;SENSOR_004;Location_E;20.61;84.8;1020.61;51.1;active
2024-02-14 14:00:00;SENSOR_002;location_c;31.51;72.2;1013.3;66.0;active
2024-02-27 02:00:00;SENSOR_009;Location_E;22.72;79.4;1024.58;52.3;active
2024-02-14 02:00:00;SENSOR_002;location_c;18.56;84.4;1014.78;33.7;active
2024-02-13 22:00:00;SENSOR_009;Location_E;19.39;87.9;1031.5;68.5;active
2024-01-24 02:00:00;SENSOR_005;location_a;18.61;80.6;1008.25;32.6;active
2024-01-02 18:00:00;SENSOR_009;location_e;27.1;65.7;1020.76;93.1;active
2024-01-19 17:00:00;SENSOR_001;Location_B;25.01;79.4;1012.61;88.2;active
2024-02-23 08:00:00;SENSOR_008;Location_D;26.95;;1009.85;60.6;active
2024-02-04 02:00:00;SENSOR_007;Location_C;19.21;82.8;1014.37;24.1;active
2024-02-29 23:00:00;SENSOR_010;Location_A;20.42;83.5;1009.48;55.8;active
2024-02-16 21:00:00;SENSOR_003;Location_D;17.84;90.9;1000.39;65.7;active
2024-02-21 15:00:00;SENSOR_006;Location_B;30.47;73.4;1009.71;21.3;active
2024-02-15 13:00:00;SENSOR_002;Location_C;31.8;68.2;1007.1;56.2;active
2024-02-13 05:00:00;SENSOR_007;Location_C;22.45;81.1;1012.85;53.8;active
2024-01-12 04:00:00;SENSOR_007;Location_C;22.58;73.6;1018.96;51.1;active
2024-02-20 04:00:00;SENSOR_004;Location_E;19.78;81.3;1005.1;44.7;active
2024-02-13 07:00:00;SENSOR_006;Location_B;24.87;78.1;1001.37;62.7;active
2024-01-27 03:00:00;SENSOR_008;Location_D;19.19;93.8;1026.9;62.7;active
2024-01-03 17:00:00;SENSOR_004;Location_E;27.37;64.4;1020.17;62.6;active
2024-01-10 16:00:00;SENSOR_006;Location_B;28.4;73.3;1020.72;56.9;maintenance
2024-02-01 00:00:00;SENSOR_005;Location_A;15.89;86.7;1011.55;58.4;active
2024-01-05 19:00:00;SENSOR_007;Location_C;22.43;84.1;1023.52;92.3;active
2024-01-19 23:00:00;SENSOR_003;Location_D;23.04;82.7;1021.82;29.6;active
2024-01-28 15:00:00;SENSOR_006;Location_B;31.72;69.4;994.03;49.8;active
2024-02-19 12:00:00;SENSOR_002;Location_C;31.65;63.9;1023.99;67.6;active
2024-01-10 15:00:00;SENSOR_002;Location_C;29.58;63.1;1007.51;38.7;active
2024-02-23 08:00:00;SENSOR_005;location_a;27.63;70.2;1020.84;65.9;active
2024-01-26 23:00:00;SENSOR_001;location_b;19.58;89.9;1027.42;73.1;active
2024-01-03 05:00:00;SENSOR_007;Location_C;21.09;;999.15;38.6;active
2024-01-16 09:00:00;SENSOR_008;Location_D;30.29;69.1;1024.93;71.8;active
2024-01-03 19:00:00;SENSOR_002;Location_C;23.33;90.0;1022.58;76.9;active
2024-02-24 06:00:00;SENSOR_001;Location_B;;80.1;1009.7;65.8;active
2024-02-20 07:00:00;SENSOR_010;Location_A;27.95;70.1;1027.55;65.5;active
2024-02-16 07:00:00;SENSOR_004;Location_E;25.31;77.0;990.88;91.2;active
2024-02-03 23:00:00;SENSOR_008;Location_D;16.04;92.6;1007.71;28.5;active
2024-01-10 10:00:00;SENSOR_001;Location_B;31.76;74.1;1013.37;46.6;active
2024-01-06 16:00:00;SENSOR_003;Location_D;28.27;81.8;1014.62;57.9;active
2024-02-29 08:00:00;SENSOR_002;Location_C;29.76;74.9;1022.94;77.9;active
2024-01-21 08:00:00;SENSOR_006;Location_B;27.29;77.4;1006.65;97.6;active
2024-02-01 14:00:00;SENSOR_001;Location_B;33.48;59.0;1002.44;68.8;active
2024-02-07 21:00:00;SENSOR_010;location_a;21.41;79.4;1009.81;68.2;active
2024-01-19 15:00:00;SENSOR_003;location_d;32.59;75.5;1018.15;76.1;maintenance
2024-01-21 23:00:00;SENSOR_005;Location_A;19.29;84.2;1004.04;58.4;active
2024-02-02 14:00:00;SENSOR_003;Location_D;34.6;56.4;1024.26;32.5;active
2024-02-20 09:00:00;SENSOR_009;Location_E;29.48;80.3;1011.61;70.2;active
2024-02-05 10:00:00;SENSOR_002;Location_C;35.9;55.9;999.93;56.9;active
2024-02-27 03:00:00;SENSOR_001;Location_B;20.27;78.1;1016.43;44.3;active
2024-01-13 17:00:00;SENSOR_007;Location_C;28.75;72.5;1024.66;65.3;active
2024-02-28 16:00:00;SENSOR_007;Location_C;28.45;76.2;1020.79;23.8;active
2024-01-07 00:00:00;SENSOR_004;location_e;17.38;87.5;1036.1;54.5;active
2024-02-09 15:00:00;SENSOR_002;Location_C;30.09;71.5;990.74;36.3;active
2024-01-02 18:00:00;SENSOR_003;location_d;24.81;75.4;1018.87;84.7;active
2024-02-03 01:00:00;SENSOR_008;Location_D;19.18;77.7;1011.13;51.3;active
2024-01-15 11:00:00;SENSOR_010;Location_A;31.58;73.0;998.56;82.9;active
2024-01-03 23:00:00;SENSOR_004;Location_E;19.23;90.0;1018.68;40.7;active
2024-01-07 04:00:00;SENSOR_009;location_e;17.17;93.0;1009.26;38.6;active
2024-02-05 02:00:00;SENSOR_001;Location_B;20.18;87.0;1004.71;60.3;active
2024-01-02 13:00:00;SENSOR_006;Location_B;30.13;67.4;1009.55;38.6;active
2024-02-29 12:00:00;SENSOR_003;Location_D;33.46;74.1;1016.74;28.4;active
2024-01-06 20:00:00;SENSOR_002;Location_C;22.07;84.3;1000.01;51.8;active
2024-02-12 22:00:00;SENSOR_006;Location_B;19.44;81.6;1029.36;53.3;active
2024-01-14 04:00:00;SENSOR_006;Location_B;20.91;80.5;1007.35;43.7;active
2024-01-12 15:00:00;SENSOR_005;Location_A;29.57;64.6;999.05;53.4;active
2024-02-14 07:00:00;SENSOR_005;Location_A;28.53;70.2;1013.91;70.3;maintenance
2024-02-24 11:00:00;SENSOR_006;location_b;32.44;56.3;1032.56;35.8;active
2024-01-13 22:00:00;SENSOR_005;location_a;24.5;80.6;1002.98;43.3;active
2024-01-22 13:00:00;SENSOR_003;Location_D;33.78;66.7;1020.83;57.2;active
2024-02-05 13:00:00;SENSOR_002;Location_C;33.8;66.3;1018.9;66.9;active
2024-01-11 02:00:00;SENSOR_009;Location_E;16.77;88.3;1029.42;38.4;active
2024-02-24 11:00:00;SENSOR_005;Location_A;34.62;68.0;1012.88;63.2;active
2024-01-10 20:00:00;SENSOR_009;Location_E;71.42999999999999;78.6;1011.02;64.8;active
2024-01-01 04:00:00;SENSOR_005;location_a;22.3;80.0;993.27;29.6;active
2024-01-10 01:00:00;SENSOR_002;Location_C;15.87;;1010.54;35.9;active
2024-02-05 21:00:00;SENSOR_003;Location_D;19.94;87.1;1014.04;82.8;active
2024-01-06 08:00:00;SENSOR_002;Location_C;29.72;67.8;1020.53;80.4;active
2024-02-03 05:00:00;SENSOR_010;Location_A;25.36;74.8;1011.41;54.1;active
2024-01-22 11:00:00;SENSOR_008;Location_D;36.51;;991.07;34.8;active
2024-02-28 06:00:00;SENSOR_009;Location_E;26.64;78.3;1015.03;63.2;active
2024-01-11 12:00:00;SENSOR_002;Location_C;28.56;69.1;1013.22;51.9;active
2024-01-10 11:00:00;SENSOR_007;Location_C;31.46;64.7;1003.13;55.3;active
2024-02-01 11:00:00;SENSOR_004;Location_E;31.58;70.6;1005.72;31.3;active
2024-01-29 10:00:00;SENSOR_007;Location_C;28.14;82.0;1024.53;39.7;active
2024-02-14 06:00:00;SENSOR_004;Location_E;25.55;84.9;1000.02;38.0;active
2024-01-13 14:00:00;SENSOR_002;Location_C;31.22;71.0;1003.94;51.5;active
2024-01-10 05:00:00;SENSOR_003;location_d;23.91;79.0;1029.8;53.0;maintenance
2024-02-14 19:00:00;SENSOR_003;Location_D;23.29;76.0;1020.85;101.9;active
2024-02-16 05:00:00;SENSOR_010;Location_A;25.57;76.1;1013.02;56.2;active
2024-02-12 18:00:00;SENSOR_009;Location_E;24.5;76.8;1009.5;74.3;active
2024-02-11 17:00:00;SENSOR_004;Location_E;24.07;78.8;1021.3;86.8;active
2024-02-27 23:00:00;SENSOR_009;Location_E;18.94;84.8;1036.88;19.3;active
2024-02-24 04:00:00;SENSOR_008;Location_D;20.63;81.6;998.73;48.1;active
2024-02-08 07:00:00;SENSOR_007;Location_C;28.81;70.1;1024.66;72.0;active
2024-01-22 05:00:00;SENSOR_001;location_b;23.83;78.3;1032.62;48.3;active
2024-02-26 09:00:00;SENSOR_006;Location_B;33.01;62.3;1029.2;69.6;active
2024-02-13 16:00:00;SENSOR_005;Location_A;31.92;;1001.47;39.4;active
2024-01-19 19:00:00;SENSOR_010;location_a;23.32;;1012.55;67.7;active
2024-02-27 21:00:00;SENSOR_001;Location_B;20.84;81.7;1006.89;38.2;active
2024-02-14 18:00:00;SENSOR_009;Location_E;26.63;72.2;1009.14;73.1;active
2024-01-17 13:00:00;SENSOR_005;Location_A;36.14;65.1;1016.84;36.1;active
2024-01-07 03:00:00;SENSOR_008;Location_D;16.69;91.5;1026.28;55.1;active
